Player Name,l_team,l_pos,l_gp,l_points,l_owners,l_actual,l_passyds,l_passtd,l_passint,l_rushyds,l_rushtd,l_rush1st,l_recepts,l_recyds,l_rectd,l_rec1st,l_2pt,l_fumble,l_pointspg,l_passydpg,l_passtdpg,l_passintpg,l_rushydpg,l_rushtdpg,l_rush1stpg,l_receptspg,l_recydspg,l_rectdpg,l_rec1stpg,l_touchdown,l_ppr
Christian McCaffrey,Car,RB,16,448.60,100%,1,50,1,0,1098,7,53,107,867,6,41,0,1,28.0375,0,0,0,103,1.16666666666667,3.66666666666667,5.83333333333333,50.8333333333333,0.333333333333333,3,2.25000000000001,34.02777777777770
Saquon Barkley,NYG,RB,16,427.77,100%,3,0,0,0,1307,11,50,91,721,4,30,1,0,26.735625,0,0,0,35.4285714285714,0.428571428571429,2.42857142857143,7,69.7142857142857,0.571428571428571,3.14285714285714,1,49
Todd Gurley II,LAR,RB,14,422.77,100%,4,0,0,0,1251,17,70,59,580,4,26,3,1,30.1978571428571,0,0,0,103.571428571429,1.14285714285714,4.71428571428571,3.42857142857143,31.4285714285714,0,1.57142857142857,1.30612244897959,11.75510204081630
Alvin Kamara,NO,RB,15,419.37,100%,5,0,0,0,883,14,57,81,709,4,31,3,0,27.958,0,0,0,0,0,0,8.85714285714286,109,0.428571428571429,5.28571428571429,0.183673469387755,78.44897959183680
Ezekiel Elliott,Dal,RB,15,400.20,100%,6,0,0,0,1434,6,74,77,567,3,22,0,1,26.68,0,0,0,0,0,0,7.16666666666667,110.333333333333,1,6.33333333333333,1,51.36111111111120
James Conner,Pit,RB,13,317.43,99%,25,0,0,0,973,12,56,55,497,1,20,2,2,24.4176923076923,0,0,0,86,0.857142857142857,5,3.42857142857143,25.1428571428571,0,1.14285714285714,0.73469387755102,11.75510204081630
James White,NE,RB,16,315.57,90%,26,0,0,0,425,5,22,87,751,7,38,0,0,19.723125,0,0,0,102.142857142857,0.142857142857143,4.57142857142857,4,29,0,1.85714285714286,0.0204081632653062,16
Melvin Gordon III,LAC,RB,12,315.17,96%,27,0,0,0,885,10,47,50,490,4,21,2,0,26.2641666666667,0,0,0,57,1.14285714285714,3.57142857142857,3.85714285714286,28,0.142857142857143,1.28571428571429,1.65306122448979,14.87755102040820
Tarik Cohen,Chi,RB,16,306.07,60%,33,1,1,0,444,3,20,71,725,5,29,0,3,19.129375,0,0,0,-1.14285714285714,0,0,5.71428571428571,73.5714285714286,0.571428571428571,3.57142857142857,0.326530612244897,32.65306122448970
David Johnson,Ari,RB,16,296.73,100%,37,0,0,0,940,7,51,50,446,3,22,1,2,18.545625,0,0,0,81.2857142857143,0.285714285714286,5.14285714285714,3.14285714285714,21.2857142857143,0.285714285714286,0.857142857142857,0.326530612244899,9.87755102040815
Joe Mixon,Cin,RB,14,293.53,94%,38,0,0,0,1168,8,60,43,296,1,14,0,0,20.9664285714286,0,0,0,0.571428571428571,0,0,7.28571428571429,81.7142857142857,0.571428571428571,3.57142857142857,0.326530612244897,53.08163265306130
Kareem Hunt,Cle,RB,11,280.60,58%,44,0,0,0,824,7,46,26,378,7,17,0,0,25.5090909090909,0,0,0,42.8571428571429,0.285714285714286,2.71428571428571,4.28571428571429,45,0.428571428571429,2,0.510204081632654,18.36734693877550
Phillip Lindsay,Den,RB,15,279.37,95%,45,0,0,0,1037,9,50,35,241,1,12,0,0,18.6246666666667,0,0,0,0,0,0,5.42857142857143,88.7142857142857,0.714285714285714,3.57142857142857,0.510204081632653,29.46938775510210
Kenyan Drake,Mia,RB,16,259.60,56%,50,0,0,0,535,4,23,53,477,5,23,0,1,16.225,0,0,0,0,0,0,6.57142857142857,75.1428571428571,0.571428571428571,3.71428571428571,0.326530612244897,43.18367346938770
Chris Carson,Sea,RB,14,245.97,99%,58,0,0,0,1151,9,61,20,163,0,7,0,2,17.5692857142857,0,0,0,0.142857142857143,0,0,5.71428571428571,80,0.571428571428571,4.28571428571429,0.326530612244897,32.65306122448970
Tevin Coleman,SF,RB,16,237.40,90%,63,0,0,0,800,4,36,32,276,5,15,0,0,14.8375,0,0,0.142857142857143,0,0,0,7,72.5714285714286,0.428571428571429,4.57142857142857,0.183673469387755,49
Nick Chubb,Cle,RB,16,229.53,100%,67,0,0,0,996,8,47,20,149,2,5,0,0,14.345625,0,0,0,101.166666666667,1,3.33333333333333,3.33333333333333,21.3333333333333,0,1,1,11.11111111111110
Derrick Henry,Ten,RB,16,229.06,99%,69,14,0,0,1059,12,51,15,99,0,4,0,1,14.31625,0,0,0,2.85714285714286,0,0.142857142857143,4.71428571428571,83,0.714285714285714,3.14285714285714,0.510204081632653,22.22448979591830
Adrian Peterson,Was,RB,16,226.07,52%,71,0,0,0,1042,7,47,20,208,1,9,0,2,14.129375,0,0,0,0.428571428571429,0,0,6.28571428571429,80.5714285714286,0.428571428571429,4.28571428571429,0.183673469387755,39.51020408163270
Jordan Howard,Phi,RB,16,217.17,83%,80,0,0,0,935,9,53,20,145,0,7,0,1,13.573125,2.16666666666667,0,0,62.1666666666667,0.166666666666667,3,5.5,46,0.166666666666667,2,0.111111111111112,30.3
Marlon Mack,Ind,RB,12,211.67,98%,90,0,0,0,908,9,50,17,103,1,3,2,2,17.6391666666667,0,0,0,67.1428571428571,1,4,1.71428571428571,13.7142857142857,0,0.857142857142857,1,2.93877551020407
Aaron Jones,GB,RB,12,203.53,100%,98,0,0,0,728,8,41,26,206,1,12,0,1,16.9608333333333,0,0,0,72.2857142857143,0.714285714285714,4,1,17.1428571428571,0.142857142857143,0.285714285714286,0.73469387755102,1
Lamar Miller,Hou,RB,14,203.17,4%,101,0,0,0,973,5,36,25,163,1,8,0,1,14.5121428571429,0,0,0,0,0,0,5.14285714285714,80.5714285714286,0.428571428571429,3.71428571428571,0.183673469387755,26.44897959183670
Matt Breida,SF,RB,14,199.80,88%,104,0,0,0,814,3,36,27,261,2,12,0,1,14.2714285714286,0,0,0,0.142857142857143,0.142857142857143,0.142857142857143,3.85714285714286,55.8571428571429,0.857142857142857,2.42857142857143,1,14.87755102040820
T.J. Yeldon,Buf,RB,14,198.87,1%,106,0,0,0,414,1,16,55,487,4,20,0,1,14.205,0,0,0,0,0,0,6.83333333333333,77.3333333333333,0.5,4.5,0.25,46.69444444444440
Austin Ekeler,LAC,RB,14,198.33,97%,107,0,0,0,554,3,25,39,404,3,18,0,1,14.1664285714286,0,0,0,2.57142857142857,0,0.142857142857143,4.28571428571429,80.2857142857143,0.571428571428571,2.71428571428571,0.326530612244897,18.36734693877550
Nyheim Hines,Ind,RB,16,192.73,13%,110,0,0,0,314,2,17,63,425,2,29,0,0,12.045625,0,0,0,92.3333333333333,0.666666666666667,4.66666666666667,1.5,14.5,0,0.5,0.444444444444445,2.3
Sony Michel,NE,RB,13,190.13,97%,113,0,0,0,931,6,54,7,50,0,3,0,1,14.6253846153846,0,0,0,0.666666666666667,0,0,5,64.5,0.833333333333333,3.5,0.694444444444444,25
Peyton Barber,TB,RB,16,184.23,39%,116,0,0,0,871,5,41,20,92,1,4,0,1,11.514375,0,0,0,1.16666666666667,0,0,7.33333333333333,80.8333333333333,0.333333333333333,4,0.111111111111111,53.77777777777770
Dion Lewis,Ten,RB,16,182.37,13%,118,0,0,0,517,1,22,59,400,1,13,0,1,11.398125,0,0,0,39.1666666666667,0.5,2.33333333333333,4.33333333333333,38.5,0.333333333333333,2,0.694444444444444,18.77777777777780
Dalvin Cook,Min,RB,11,178.83,100%,126,0,0,0,615,2,22,40,305,2,15,0,2,16.2572727272727,0,0,0,61.8571428571429,0.571428571428571,2.85714285714286,2.85714285714286,20.4285714285714,0,1.14285714285714,0.326530612244897,8.16326530612247
Kerryon Johnson,Det,RB,10,171.30,61%,133,0,0,0,641,3,32,32,213,1,11,0,1,17.13,0,0,0,42,0,2.28571428571429,3.85714285714286,29.8571428571429,0.428571428571429,1.14285714285714,0.183673469387755,14.87755102040820
Jalen Richard,Oak,RB,16,168.67,3%,140,0,0,0,259,1,11,68,607,0,23,0,2,10.541875,0,0,0,0,0,0,4,69.8333333333333,0.833333333333333,3.5,0.694444444444444,16
Mark Ingram II,Bal,RB,12,165.83,98%,145,0,0,0,645,6,34,21,170,1,5,0,1,13.8191666666667,0,0,0,0,0,0,4.5,77.3333333333333,0.666666666666667,3.33333333333333,0.444444444444445,20.3
Mike Davis,Chi,RB,15,158.67,3%,152,0,0,0,514,4,25,34,214,1,10,0,0,10.578,0,0,0,0,0,0,5.42857142857143,77.2857142857143,0.142857142857143,4.14285714285714,0.0204081632653062,29.46938775510210
Duke Johnson,Hou,RB,16,157.70,60%,154,0,0,0,201,0,9,47,429,3,25,2,0,9.85625,0,0,0,0,0,0,5.14285714285714,64.1428571428571,0.428571428571429,3.14285714285714,0.183673469387755,26.44897959183670
Isaiah Crowell,Oak,RB,13,156.63,0%,158,0,0,0,685,6,26,21,152,0,7,0,0,12.0484615384615,5.33333333333333,0,0,1.5,0,0.166666666666667,6.33333333333333,74.8333333333333,0.333333333333333,3.33333333333333,0.111111111111111,40.11111111111110
Doug Martin,Oak,RB,16,151.03,0%,173,0,0,0,723,4,37,18,116,0,6,0,3,9.439375,0,0,0,0.666666666666667,0,0,5.5,78.8333333333333,0.333333333333333,4.33333333333333,0.111111111111111,30.3
Jamaal Williams,GB,RB,16,146.90,59%,182,0,0,0,464,3,25,27,210,0,11,1,0,9.18125,0,0,0,0,0,0,4.14285714285714,53.2857142857143,0.571428571428571,3,0.326530612244897,17.16326530612240
LeSean McCoy,KC,RB,14,145.27,85%,184,0,0,0,514,3,22,34,238,0,10,0,0,10.3764285714286,0,0,0,0,0,0,6,61.2,1,3.2,1,36
Latavius Murray,NO,RB,16,145.20,84%,185,0,0,0,578,6,23,22,141,0,7,1,0,9.075,0,0,0,85.6666666666667,0.333333333333333,5.16666666666667,1.66666666666667,9,0,0,0.111111111111111,2.77777777777779
Wendell Smallwood,Was,RB,16,142.03,1%,189,0,0,0,364,3,22,28,230,2,9,1,1,8.876875,0,0,0,0,0,0,4.85714285714286,64.2857142857143,0.428571428571429,2.57142857142857,0.183673469387755,23.59183673469390
Leonard Fournette,Jax,RB,8,139.23,99%,191,0,0,0,439,5,23,22,185,1,10,0,0,17.40375,0,0,0,0,0,0,4.16666666666667,64.1666666666667,0.666666666666667,3.66666666666667,0.444444444444445,17.36111111111110
Frank Gore,Buf,RB,14,133.47,60%,200,0,0,0,722,0,25,12,124,1,8,0,0,9.53357142857143,0,0,0,0.428571428571429,0,0,6.42857142857143,67.2857142857143,0.142857142857143,3.14285714285714,0.0204081632653062,41.32653061224490
Corey Clement,Phi,RB,11,130.70,0%,205,0,0,0,259,2,15,22,192,0,10,1,0,11.8818181818182,0,0,0,9.28571428571429,0.142857142857143,0.428571428571429,5.14285714285714,62.1428571428571,0,3.14285714285714,0.0204081632653062,26.44897959183670
Theo Riddick,Den,RB,14,127.70,0%,210,0,0,0,171,0,8,61,384,0,16,0,0,9.12142857142857,0,0,0,0,0,0,5.14285714285714,62.7142857142857,0.285714285714286,2.71428571428571,0.0816326530612246,26.44897959183670
Gus Edwards,Bal,RB,11,123.13,4%,215,0,0,0,718,2,37,2,20,0,1,1,0,11.1936363636364,0,0,0,51.8333333333333,0.833333333333333,3.16666666666667,2.5,13.5,0.166666666666667,0.5,1,6.3
Alex Collins,Bal,RB,10,121.10,0%,218,0,0,0,411,7,22,15,105,1,6,0,3,12.11,0,0,0,31.4285714285714,0,1,2.28571428571429,32.8571428571429,0.142857142857143,1,0.0204081632653062,5.22448979591839
Royce Freeman,Den,RB,14,120.90,73%,219,0,0,0,521,5,30,14,72,0,2,0,1,8.63571428571429,0,0,0,51.2,0.2,2.2,5.6,33.8,0.2,1.8,0.16,31.4
Devontae Booker,Den,RB,16,120.03,0%,223,0,0,0,183,1,11,38,275,0,9,0,1,7.501875,0,0,0,0.142857142857143,0,0.142857142857143,2.57142857142857,45.5714285714286,0.428571428571429,1.71428571428571,0.183673469387755,6.61224489795918
Alfred Blue,Jax,RB,16,118.47,0%,228,0,0,0,499,2,25,20,154,0,4,0,0,7.404375,0,0,0,4.16666666666667,0,0.333333333333333,5.5,70.8333333333333,0.166666666666667,3.83333333333333,0.0277777777777779,30.3
Carlos Hyde,Hou,RB,14,114.30,84%,232,0,0,0,571,5,27,10,33,0,0,0,1,8.16428571428571,0,0,0,65.8571428571429,0.428571428571429,4.28571428571429,0.857142857142857,3.14285714285714,0,0.142857142857143,0.183673469387755,0.734693877551020
Damien Williams,KC,RB,16,113.27,79%,235,0,0,0,256,4,15,23,160,2,9,0,1,7.079375,0,0,0,0.833333333333333,0,0,5.66666666666667,63.1666666666667,0.333333333333333,3,0.111111111111111,32.11111111111110
Jaylen Samuels,Pit,RB,14,111.87,14%,240,0,0,0,256,0,13,26,199,3,10,0,0,7.99071428571429,0,0,0,49.5714285714286,0.571428571428571,2.85714285714286,1.14285714285714,7.57142857142857,0.142857142857143,0.285714285714286,0.510204081632653,1.30612244897959
Ito Smith,Atl,RB,14,111.63,10%,241,0,0,0,315,4,18,27,152,0,9,0,0,7.97357142857143,0,0,0,45.5714285714286,0.142857142857143,1.71428571428571,3.57142857142857,25.2857142857143,0,1,0.0204081632653062,12.75510204081630
Giovani Bernard,Cin,RB,12,107.13,6%,247,0,0,0,211,3,14,35,218,0,8,0,0,8.9275,0,0,0,0.333333333333333,0.166666666666667,0.166666666666667,4.33333333333333,42.1666666666667,0.5,3.16666666666667,0.444444444444445,18.77777777777780
Javorius Allen,NYG,RB,14,106.07,0%,249,0,0,0,110,3,10,35,196,2,11,0,1,7.57642857142857,0,0,0,2.85714285714286,0,0,4.57142857142857,54.7142857142857,0.142857142857143,2.57142857142857,0.0204081632653062,20.89795918367350
Chris Thompson,Was,RB,10,105.67,31%,251,0,0,0,178,0,9,41,268,1,12,0,0,10.567,0,0,0,68.5,0.166666666666667,2.66666666666667,1.83333333333333,12.3333333333333,0.166666666666667,0.833333333333333,0.111111111111112,3.36111111111110
LeGarrette Blount,Det,RB,16,103.27,0%,254,0,0,0,418,5,25,10,67,0,4,0,1,6.454375,0,0,0,7.28571428571429,0,0.428571428571429,3.85714285714286,57.4285714285714,0.142857142857143,2.85714285714286,0.0204081632653062,14.87755102040820
Chris Ivory,Buf,RB,13,101.17,0%,257,0,0,0,385,1,25,13,205,0,7,0,0,7.78230769230769,0,0,0,3,0,0.166666666666667,5.66666666666667,62.6666666666667,0.166666666666667,3.33333333333333,0.0277777777777779,32.11111111111110
Elijah McGuire,Cle,RB,8,100.47,0%,259,0,0,0,276,3,15,19,193,1,10,0,2,12.55875,0,0,0,0,0,0,4.28571428571429,52.4285714285714,0.285714285714286,2.42857142857143,0.0816326530612246,18.36734693877550
Josh Adams,NYJ,RB,14,99.97,0%,262,0,0,0,511,3,23,7,58,0,3,1,1,7.14071428571429,0,0,0,0,0,0,5,57.7142857142857,0.142857142857143,2.71428571428571,0.0204081632653062,25
Ty Montgomery,NYJ,RB,13,99.47,3%,265,0,0,0,188,1,10,25,235,0,7,0,1,7.65153846153846,0,0,0,46,0.285714285714286,2.42857142857143,2.14285714285714,15.1428571428571,0.142857142857143,0.285714285714286,0.183673469387755,4.59183673469387
Rashaad Penny,Sea,RB,14,98.90,32%,266,0,0,0,419,2,18,9,75,0,3,0,0,7.06428571428571,0,0,0,1.16666666666667,0,0,3.83333333333333,43.6666666666667,0.666666666666667,2.33333333333333,0.444444444444445,14.69444444444440
Marshawn Lynch,Oak,RB,6,96.20,0%,271,0,0,0,376,3,20,15,84,0,6,0,0,16.0333333333333,0,0,0,51.3333333333333,0.333333333333333,2.66666666666667,1.5,21,0.166666666666667,1.16666666666667,0.25,2.3
Jacquizz Rodgers,NO,RB,16,96.07,0%,272,0,0,0,106,1,7,38,304,0,13,0,1,6.004375,0,0,0,41,0.571428571428571,1.42857142857143,1.42857142857143,14.2857142857143,0.142857142857143,0.714285714285714,0.510204081632653,2.04081632653062
Spencer Ware,Ind,RB,13,91.53,0%,283,0,0,0,246,2,14,20,224,0,9,0,0,7.04076923076923,3.33333333333333,0,0,2.5,0,0.166666666666667,4.83333333333333,72.6666666666667,0.166666666666667,2.66666666666667,0.0277777777777779,23.36111111111110
Alfred Morris,Ari,RB,12,90.67,1%,285,0,0,0,428,2,24,8,73,0,5,0,1,7.55583333333333,0,0,0,6,0.166666666666667,0.333333333333333,3.83333333333333,49.5,0.333333333333333,2.33333333333333,0.25,14.69444444444440
C.J. Anderson,Det,RB,11,87.03,1%,295,0,0,0,403,2,21,5,41,1,2,0,0,7.91181818181818,0,0,0,32.6666666666667,0,1.33333333333333,2.66666666666667,18.8333333333333,0.5,1,0.25,7.11111111111113
Marcus Murphy,Buf,RB,11,80.63,0%,304,0,0,0,250,0,7,11,26,0,2,0,0,7.33,0,0,0,0,0,0,4.6,73,0.6,2.4,0.36,21.2
Chase Edmonds,Ari,RB,16,79.47,80%,306,0,0,0,208,2,14,20,103,0,5,0,0,4.966875,0,0,0,0,0,0,5.4,84.2,0.2,3.6,0.04,29.2
Darren Sproles,Phi,RB,6,78.17,1%,312,0,0,0,120,1,6,15,160,2,6,0,0,13.0283333333333,0,0,0,12.4,0,0.8,6.2,44.8,0.2,3.2,0.04,38.4
Bilal Powell,NYJ,RB,7,77.63,0%,313,0,0,0,343,0,16,11,110,1,3,0,1,11.09,0,0,0,36.2857142857143,0,1.71428571428571,2.14285714285714,14.1428571428571,0.285714285714286,0.714285714285714,0.0816326530612246,4.59183673469387
Kyle Juszczyk,SF,RB,16,75.60,0%,315,0,0,0,30,0,2,30,324,1,15,0,2,4.725,0,0,0,0.428571428571429,0,0.142857142857143,4.71428571428571,44.7142857142857,0.142857142857143,2.28571428571429,0.0204081632653062,22.22448979591830
Jordan Wilkins,Ind,RB,16,72.97,1%,322,0,0,0,336,1,15,16,85,0,2,0,2,4.560625,0,0,0,2,0,0.166666666666667,2.16666666666667,39.8333333333333,0.5,1.83333333333333,0.25,4.69444444444446
Kapri Bibbs,GB,RB,12,71.67,0%,323,0,0,0,103,3,8,16,115,1,4,0,0,5.9725,0,0,0,64.6666666666667,0.333333333333333,3.33333333333333,1.16666666666667,8,0,0.333333333333333,0.111111111111111,1.36111111111112
Justin Jackson,LAC,RB,13,71.60,5%,324,0,0,0,206,2,14,15,135,0,5,0,0,5.50769230769231,0,0,0,0,0,0,4.2,65.2,0.6,2.4,0.36,17.6
Kenneth Dixon,Bal,RB,6,70.70,0%,326,0,0,0,333,2,20,6,51,0,2,0,1,11.7833333333333,0,0,0,58,0.5,3.33333333333333,0.833333333333333,9.83333333333333,0,0.666666666666667,0.25,0.694444444444444
Zach Zenner,Ari,RB,8,66.23,0%,339,0,0,0,265,3,14,7,56,0,3,0,0,8.27875,0,0,0,1.66666666666667,0,0.166666666666667,4.16666666666667,73.1666666666667,0,2.66666666666667,0,17.36111111111110
Rex Burkhead,NE,RB,8,62.33,12%,344,0,0,0,186,0,11,14,131,1,4,0,1,7.79125,0,0,0,1.28571428571429,0,0,3,59.4285714285714,0.285714285714286,1.57142857142857,0.0816326530612246,9
Jeff Wilson Jr.,SF,RB,6,59.13,1%,351,0,0,0,266,0,13,12,98,0,5,0,2,9.855,0,0,0,0,0,0,4.25,54,1,3.25,1,18.06
Trenton Cannon,NYJ,RB,16,54.90,0%,355,0,0,0,113,1,7,17,144,0,4,0,0,3.43125,0,0,0,0,0,0,3,47.3333333333333,0.5,2.5,0.25,9
Malcolm Brown,LAR,RB,12,51.67,18%,363,0,0,0,212,0,10,5,52,1,2,1,0,4.30583333333333,0,0,0,0,0,0,2.85714285714286,44.5714285714286,0.428571428571429,1.57142857142857,0.183673469387755,8.16326530612247
Wayne Gallman Jr.,NYG,RB,15,51.53,13%,365,0,0,0,176,1,7,14,89,0,5,0,1,3.43533333333333,0,0,0,0,0,0,3.57142857142857,36.2857142857143,0.428571428571429,1.57142857142857,0.183673469387755,12.75510204081630
Raheem Mostert,SF,RB,9,49.77,6%,370,0,0,0,261,1,13,6,25,0,1,0,1,5.53,0,0,0,77.25,0.5,3.5,3.5,20.5,0,0.75,0.25,12.3
Tyler Ervin,Jax,RB,9,49.13,0%,372,0,0,0,0,0,0,3,35,0,1,0,0,5.45888888888889,0,0,0,0.571428571428571,0,0,2.85714285714286,55.5714285714286,0.285714285714286,2.14285714285714,0.0816326530612246,8.16326530612247
Jay Ajayi,Phi,RB,4,48.73,3%,374,0,0,0,184,3,11,5,20,0,1,1,1,12.1825,0,0,0,36.7142857142857,0.428571428571429,2,2,14,0,0.428571428571429,0.183673469387755,4
Kalen Ballage,Mia,RB,12,48.43,8%,377,0,0,0,191,1,10,9,56,0,2,0,1,4.03583333333333,0,0,0,0,0,0,3.14285714285714,45.2857142857143,0.285714285714286,2.28571428571429,0.0816326530612246,9.87755102040815
Dontrell Hilliard,Cle,RB,11,44.40,1%,391,0,0,1,0,0,0,9,105,0,4,0,0,4.03636363636364,0,0,0,0,0,0,3.42857142857143,40.2857142857143,0.285714285714286,2.28571428571429,0.0816326530612246,11.75510204081630
James Develin,NE,RB,16,42.37,0%,397,0,0,0,8,4,5,12,61,0,3,0,0,2.648125,0,0,0,0,0,0,5,47.1666666666667,0.166666666666667,2.5,0.0277777777777779,25
Rod Smith,Ten,RB,16,40.70,0%,399,0,0,0,127,1,10,9,60,0,1,0,0,2.54375,0,0,0,39,0,1.42857142857143,1.85714285714286,18.1428571428571,0.142857142857143,1,0.0204081632653062,3.44897959183675
Ameer Abdullah,Min,RB,10,40.47,2%,401,0,0,0,1,0,0,3,28,0,1,0,1,4.047,0,0,0,0,0,0,4.16666666666667,56.6666666666667,0.333333333333333,2,0.111111111111111,17.36111111111110
T.J. Logan,TB,RB,10,40.27,0%,403,0,0,0,2,0,0,7,37,0,1,0,0,4.027,0,0,0,0,0,0,3.66666666666667,46.3333333333333,0.333333333333333,2.83333333333333,0.111111111111111,13.44444444444450
Taquan Mizzell Sr.,NO,RB,9,37.40,0%,411,0,0,0,16,0,0,8,78,1,4,0,0,4.15555555555556,0,0,0,7.83333333333333,0,0.166666666666667,4.83333333333333,24.5,0.166666666666667,1.16666666666667,0.0277777777777779,23.36111111111110
Kenjon Barner,Atl,RB,9,36.20,0%,414,0,0,0,71,0,3,1,3,0,0,0,0,4.02222222222222,0,0,0,10.5,0,0.5,6.25,66.75,0.25,3.5,0.0625,39.06
Zach Line,NO,RB,16,35.63,0%,417,0,0,0,41,0,6,5,14,2,2,0,0,2.226875,0,0,0,0,0,0,3.71428571428571,37.5714285714286,0.285714285714286,2.14285714285714,0.0816326530612246,13.79591836734690
Brandon Bolden,NE,RB,16,31.97,3%,424,0,0,0,91,2,4,3,13,1,1,0,1,1.998125,0,0,0,0,0,0,3.83333333333333,52.3333333333333,0.166666666666667,2.66666666666667,0.0277777777777779,14.69444444444440
Andy Janovich,Den,RB,16,31.77,0%,426,0,0,0,5,0,2,8,112,1,5,0,0,1.985625,0,0,0,0,0,0,4,82,0.75,3,0.5625,16
Anthony Sherman,KC,RB,16,29.10,0%,435,0,0,0,2,0,1,8,96,1,5,0,0,1.81875,0,0,0,-0.285714285714286,0,0,2.85714285714286,48.1428571428571,0.285714285714286,1.85714285714286,0.0816326530612246,8.16326530612247
Travis Kelce,KC,TE,16,338.07,100%,18,0,0,0,0,0,0,103,1336,10,68,0,1,21.129375,0,0,0,0,0,0,6.25,94.5,0,5,0,39.06
Zach Ertz,Phi,TE,16,323.53,99%,22,0,0,0,0,0,0,116,1163,8,66,0,0,20.220625,0,0,0,0,0,0,2.57142857142857,30.5714285714286,0.428571428571429,1.85714285714286,0.183673469387755,6.61224489795918
George Kittle,SF,TE,16,283.80,100%,43,0,0,0,10,0,1,88,1377,5,60,1,0,17.7375,0,0,0,0,0,0,6,85.6666666666667,0.666666666666667,5,0.444444444444445,36
Eric Ebron,Ind,TE,16,261.20,67%,49,0,0,0,-8,1,1,66,750,13,39,0,1,16.325,0,0,0,0,0,0,3.83333333333333,58.3333333333333,0,3.16666666666667,0,14.69444444444440
Jared Cook,NO,TE,16,221.73,57%,72,0,0,0,0,0,0,68,896,6,46,0,0,13.858125,0,0,0,13.1666666666667,0,0.5,4.5,46,0,1.5,0,20.3
Austin Hooper,Atl,TE,16,179.00,98%,124,0,0,0,0,0,0,71,660,4,30,1,0,11.1875,0,0,0,0,0,0,3.66666666666667,54.3333333333333,0.166666666666667,2.5,0.0277777777777779,13.44444444444450
Kyle Rudolph,Min,TE,16,170.27,37%,136,0,0,0,0,0,0,64,634,4,32,0,0,10.641875,0,0,0,46.5,0.333333333333333,2.16666666666667,0.833333333333333,15.3333333333333,0,0.666666666666667,0.111111111111111,0.694444444444444
Trey Burton,Chi,TE,16,170.13,22%,137,0,0,0,2,0,1,54,569,6,29,1,1,10.633125,0,0,0,0,0,0,2.42857142857143,26.5714285714286,0.428571428571429,1.42857142857143,0.183673469387755,5.89795918367348
David Njoku,Cle,TE,16,157.60,21%,155,0,0,0,0,0,0,56,639,4,27,0,0,9.85,0,0,0,4.2,0,0.2,3,39.4,0.6,1.6,0.36,9
Vance McDonald,Pit,TE,15,153.67,57%,167,0,0,0,0,0,0,50,610,4,33,0,1,10.2446666666667,0,0,0,0,0,0,2.42857142857143,46.5714285714286,0.142857142857143,2,0.0204081632653062,5.89795918367348
Rob Gronkowski,NE,TE,13,148.47,4%,178,0,0,0,0,0,0,47,682,3,34,0,1,11.4207692307692,0,0,0,29,0,1,3.66666666666667,29,0,1,0,13.44444444444450
Jimmy Graham,GB,TE,16,145.40,76%,183,0,0,0,0,0,0,55,636,2,32,0,0,9.0875,0,0,0,0,0,0,3,30.7142857142857,0.285714285714286,1.57142857142857,0.0816326530612246,9
O.J. Howard,TB,TE,10,139.67,51%,190,0,0,0,0,0,0,34,565,5,28,0,0,13.967,0,0,0,4.5,0,0.25,6,60.5,0,3.25,0,36
Evan Engram,NYG,TE,11,138.07,99%,192,0,0,0,36,0,3,45,577,3,22,1,0,12.5518181818182,0,0,0,0,0,0,2.16666666666667,34.3333333333333,0.5,1.66666666666667,0.25,4.69444444444446
Chris Herndon,NYJ,TE,16,131.57,32%,203,0,0,0,0,0,0,39,502,4,25,0,0,8.223125,0,0,0,1.83333333333333,0,0,3.16666666666667,39.8333333333333,0.166666666666667,2.16666666666667,0.0277777777777779,10.02777777777780
Jordan Reed,Was,TE,13,131.20,10%,204,0,0,0,0,0,0,54,558,2,26,0,1,10.0923076923077,0,0,0,2.14285714285714,0,0.142857142857143,2.71428571428571,35.1428571428571,0,2,0,7.36734693877549
Mark Andrews,Bal,TE,16,122.80,95%,216,0,0,0,0,0,0,34,552,3,28,0,0,7.675,0,0,0,38.5,0.333333333333333,1.66666666666667,1.83333333333333,14.1666666666667,0,0.666666666666667,0.111111111111111,3.36111111111110
C.J. Uzomah,Cin,TE,16,117.27,1%,229,0,0,0,0,0,0,43,439,3,21,0,0,7.329375,0,0,0,0,0,0,4,50.4,0.2,2.6,0.04,16
Cameron Brate,TB,TE,16,113.27,2%,234,0,0,0,0,0,0,30,289,6,18,0,1,7.079375,0,0,0,0,0,0,3,36.5,0.333333333333333,1.66666666666667,0.111111111111111,9
Dallas Goedert,Phi,TE,16,102.27,18%,255,0,0,0,0,0,0,33,334,4,15,0,0,6.391875,0,0,0,0.8,0,0,5.6,54.4,0,2.4,0,31.4
Gerald Everett,LAR,TE,16,99.93,81%,261,0,0,0,16,0,1,33,320,3,17,1,0,6.245625,0,0,0,0.166666666666667,0,0,3.33333333333333,47.8333333333333,0.166666666666667,1.66666666666667,0.0277777777777779,11.11111111111110
Ben Watson,NE,TE,16,98.67,5%,267,0,0,0,0,0,0,35,400,2,21,0,0,6.166875,0,0,0,0.285714285714286,0,0,2.14285714285714,31.8571428571429,0.285714285714286,1.57142857142857,0.0816326530612246,4.59183673469387
Greg Olsen,Car,TE,9,96.40,84%,270,0,0,0,0,0,0,27,291,4,18,0,0,10.7111111111111,0,0,0,0.142857142857143,0,0,3.57142857142857,32.7142857142857,0,1.71428571428571,0,12.75510204081630
Ian Thomas,Car,TE,16,94.20,0%,277,0,0,0,0,0,0,36,333,2,20,0,0,5.8875,0,0,0,40.3333333333333,0.5,2,1,4.16666666666667,0,0,0.25,1
Jesse James,Det,TE,16,91.20,0%,284,0,0,0,0,0,0,30,423,2,17,0,0,5.7,0,0,0,1,0,0,3.33333333333333,35.3333333333333,0.333333333333333,1,0.111111111111111,11.11111111111110
Nick Vannett,Pit,TE,15,87.93,0%,291,0,0,0,0,0,0,29,269,3,17,0,0,5.862,0,0,0,0,0,0,3,58.6,0.2,2.6,0.04,9
Blake Jarwin,Dal,TE,16,87.47,1%,293,0,0,0,0,0,0,27,307,3,16,0,0,5.466875,0,0,0,1.85714285714286,0,0.142857142857143,2.57142857142857,36.2857142857143,0.142857142857143,1.42857142857143,0.0204081632653062,6.61224489795918
Antonio Gates,LAC,TE,16,87.20,0%,294,0,0,0,0,0,0,28,333,2,19,2,1,5.45,0,0,0,51.1666666666667,0.166666666666667,2.16666666666667,0.833333333333333,3.66666666666667,0,0.5,0.0277777777777779,0.694444444444444
Vernon Davis,Was,TE,14,83.47,5%,300,0,0,0,0,0,0,25,367,2,16,1,0,5.96214285714286,0,0,0,0,0,0,2.8,43.4,0.2,2,0.04,7.8
Jeff Heuerman,Den,TE,11,79.73,0%,305,0,0,0,0,0,0,31,281,2,14,0,0,7.24818181818182,0,0,0,0,0,0,2.85714285714286,23.2857142857143,0.285714285714286,1.14285714285714,0.0816326530612246,8.16326530612247
Ricky Seals-Jones,Cle,TE,15,78.87,4%,309,0,0,0,0,0,0,34,343,1,14,0,0,5.258,0,0,0,14,0.2,1.4,3,23,0.2,1.2,0.16,9
Jordan Thomas,Hou,TE,16,78.33,0%,311,0,0,0,0,0,0,20,215,4,12,0,0,4.895625,0,0,0,0,0,0,3.14285714285714,23.5714285714286,0.142857142857143,1.28571428571429,0.0204081632653062,9.87755102040815
Tyler Higbee,LAR,TE,16,75.47,4%,316,0,0,0,0,0,0,24,292,2,16,0,0,4.716875,0,0,0,11.7142857142857,0.142857142857143,0.142857142857143,1.14285714285714,4.71428571428571,0,0.285714285714286,0.0204081632653062,1.30612244897959
Jonnu Smith,Ten,TE,13,71.20,5%,325,0,0,0,0,0,0,20,258,3,10,0,0,5.47692307692308,0,0,0,0,0,0,2.14285714285714,30.4285714285714,0.285714285714286,1.28571428571429,0.0816326530612246,4.59183673469387
Jack Doyle,Ind,TE,6,70.33,16%,328,0,0,0,0,0,0,26,245,2,14,0,1,11.7216666666667,0,0,0,6.2,0.4,0.6,1,11.6,0,0.8,0.16,1
Rhett Ellison,NYG,TE,14,66.13,0%,340,0,0,0,0,0,0,25,272,1,13,1,0,4.72357142857143,0,0,0,12.1666666666667,0,0.333333333333333,0.833333333333333,5.5,0,0.333333333333333,0,0.694444444444444
Levine Toilolo,SF,TE,16,62.53,0%,343,0,0,0,0,0,0,21,263,1,16,0,0,3.908125,0,0,0,56.75,0.5,2.75,1.5,12,0,0.5,0.25,2.3
Geoff Swaim,Jax,TE,9,61.13,0%,346,0,0,0,0,0,0,26,242,1,11,0,0,6.79222222222222,0,0,0,0,0,0,2.5,28,0.333333333333333,1.66666666666667,0.111111111111111,6.3
Matt LaCosse,NE,TE,15,60.67,0%,347,0,0,0,0,0,0,24,250,1,11,0,0,4.04466666666667,0,0,0,5.25,0,0.25,2.5,29,0.75,1.75,0.5625,6.3
Ryan Griffin,NYJ,TE,14,59.33,0%,350,0,0,0,0,0,0,24,305,0,15,0,0,4.23785714285714,0,0,0,0,0,0,2,29.2857142857143,0.285714285714286,1.42857142857143,0.0816326530612246,4
Jason Croom,Buf,TE,15,57.27,0%,352,0,0,0,0,0,0,22,259,1,10,0,2,3.818,0,0,0,1,0,0,2.42857142857143,25.2857142857143,0.285714285714286,1.14285714285714,0.0816326530612246,5.89795918367348
Demetrius Harris,Cle,TE,15,57.03,0%,353,0,0,0,0,0,0,12,164,3,9,0,0,3.802,0,0,0,41.5,0,1.5,0.666666666666667,11.3333333333333,0.166666666666667,0.5,0.0277777777777779,0.444444444444445
Ed Dickson,Sea,TE,10,54.43,0%,357,0,0,0,9,0,1,12,143,3,7,0,0,5.443,0,0,0,1.66666666666667,0,0,3.33333333333333,56.6666666666667,1,1.66666666666667,1,11.11111111111110
Anthony Firkser,Ten,TE,12,54.00,0%,358,0,0,0,0,0,0,19,225,1,12,0,0,4.5,0,0,0,29.8571428571429,0.142857142857143,1.57142857142857,0.571428571428571,4,0,0.142857142857143,0.0204081632653062,0.326530612244897
Luke Stocker,Atl,TE,16,52.00,0%,362,0,0,0,0,0,0,15,165,2,10,0,0,3.25,0,0,0,15.1428571428571,0.142857142857143,1.42857142857143,1.57142857142857,12.4285714285714,0,0.285714285714286,0.0204081632653062,2.46938775510204
Virgil Green,LAC,TE,16,51.00,0%,366,0,0,0,0,0,0,19,210,1,10,0,0,3.1875,0,0,0,0,0,0,3.2,51.2,0.2,1.6,0.04,10.2
Darren Fells,Hou,TE,16,48.80,19%,373,0,0,0,0,0,0,11,117,3,6,0,0,3.05,0,0,0,17.8333333333333,0.333333333333333,1,1.5,13.1666666666667,0.166666666666667,0.666666666666667,0.25,2.3
James O'Shaughnessy,Jax,TE,14,48.27,0%,378,0,0,0,0,0,0,24,214,0,10,0,0,3.44785714285714,0,0,0,14.8,0.2,0.4,1.4,19.2,0,0.8,0.04,2.0
Josh Hill,NO,TE,16,47.33,1%,381,0,0,0,0,0,0,16,185,1,11,0,0,2.958125,0,0,0,0,0,0,5,65,0.333333333333333,3,0.111111111111111,25
Lance Kendricks,LAC,TE,16,47.33,0%,382,0,0,0,0,0,0,19,170,1,9,0,0,2.958125,0,0,0,33.4285714285714,0,2.57142857142857,0.571428571428571,4.14285714285714,0,0.142857142857143,0,0.326530612244897
Nick Boyle,Bal,TE,16,47.20,0%,383,0,0,0,0,0,0,23,213,0,10,0,0,2.95,0,0,0,9,0.4,0.6,1,14.4,0.2,0.8,0.36,1
Tyler Eifert,Cin,TE,4,44.93,10%,389,0,0,0,0,0,0,15,179,1,10,0,0,11.2325,0,0,0,0,0,0,2.8,30.6,0.4,1.4,0.16,7.8
Michael Roberts,GB,TE,8,44.67,0%,390,0,0,0,0,0,0,9,100,3,5,0,0,5.58375,0,0,0,28,0.25,1.25,3.5,29.25,0,1.25,0.0625,12.3
Lee Smith,Buf,TE,16,43.87,0%,392,0,0,0,0,0,0,10,73,3,5,0,0,2.741875,0,0,0,0,0,0,2.33333333333333,26.6666666666667,0.333333333333333,1.33333333333333,0.111111111111111,5.44444444444443
Maxx Williams,Ari,TE,13,43.33,0%,393,0,0,0,8,0,2,16,143,1,7,0,0,3.33307692307692,0,0,0,0,0,0,0.833333333333333,18,0.166666666666667,0.666666666666667,0.0277777777777779,0.694444444444444
Jordan Akins,Hou,TE,16,43.00,6%,394,0,0,0,0,0,0,17,225,0,11,0,0,2.6875,0,0,0,0,0,0,2.83333333333333,24.8333333333333,0.166666666666667,1.66666666666667,0.0277777777777779,8.02777777777776
Erik Swoope,Oak,TE,7,42.80,0%,395,0,0,0,0,0,0,8,87,3,5,0,0,6.11428571428571,0,0,0,0,0,0,2.83333333333333,27,0.166666666666667,1.5,0.0277777777777779,8.02777777777776
Mike Gesicki,Mia,TE,16,42.47,2%,396,0,0,0,0,0,0,22,202,0,9,0,1,2.654375,0,0,0,0,0,0,2.8,25.4,0.4,1.2,0.16,7.8
Charles Clay,Ari,TE,13,42.27,0%,398,0,0,0,0,0,0,21,184,0,11,0,1,3.25153846153846,0,0,0,1.42857142857143,0,0.142857142857143,0.142857142857143,-1,0,0,0,0.020408163265306
Hayden Hurst,Bal,TE,12,39.87,3%,404,0,0,0,0,0,0,13,163,1,8,0,0,3.3225,0,0,0,0,0,0,2,20.1666666666667,0.333333333333333,1.33333333333333,0.111111111111111,4
Will Dissly,Sea,TE,4,39.40,9%,406,0,0,0,0,0,0,8,156,2,5,0,0,9.85,0,0,0,10.8571428571429,0.285714285714286,0.571428571428571,1.57142857142857,21,0,0.714285714285714,0.0816326530612246,2.46938775510204
Dan Arnold,NO,TE,10,39.00,0%,407,0,0,0,0,0,0,12,150,1,9,0,0,3.9,0,0,0,0,0,0,2,19.8333333333333,0.333333333333333,1.16666666666667,0.111111111111111,4
Mo Alie-Cox,Ind,TE,9,37.87,0%,409,0,0,0,0,0,0,7,133,2,6,0,0,4.20777777777778,0,0,0,2.5,0,0.166666666666667,1.83333333333333,30.1666666666667,0.166666666666667,1.5,0.0277777777777779,3.36111111111110
Jordan Leggett,TB,TE,15,35.60,0%,416,0,0,0,0,0,0,14,114,1,6,0,0,2.37333333333333,0,0,0,38.5714285714286,0.142857142857143,1.71428571428571,0.142857142857143,1.14285714285714,0,0,0.0204081632653062,0.020408163265306
Garrett Celek,SF,TE,15,32.00,0%,423,0,0,0,0,0,0,5,90,2,5,0,0,2.13333333333333,0,0,0,5.5,0,0.666666666666667,3.16666666666667,22.1666666666667,0,1.16666666666667,0,10.02777777777780
Austin Seferian-Jenkins,NE,TE,5,31.00,0%,430,0,0,0,0,0,0,11,90,1,6,0,0,6.2,0,0,0,1.6,0,0,3,33.6,0.2,1.4,0.04,9
Scott Simonson,NYG,TE,16,29.93,0%,432,0,0,0,0,0,0,9,86,1,6,0,0,1.870625,0,0,0,0,0,0,2.42857142857143,16.8571428571429,0.142857142857143,1.14285714285714,0.0204081632653062,5.89795918367348
MyCole Pruitt,Ten,TE,15,29.80,0%,434,0,0,0,0,0,0,9,102,1,6,0,0,1.98666666666667,0,0,0,1.5,0,0.166666666666667,2,29.6666666666667,0.166666666666667,1.16666666666667,0.0277777777777779,4
Logan Paulsen,Hou,TE,15,29.07,0%,436,0,0,0,0,0,0,9,91,1,6,0,0,1.938,0,0,0,0,0,0,1.57142857142857,17.1428571428571,0.285714285714286,0.714285714285714,0.0816326530612246,2.46938775510204
Nick O'Leary,Mia,TE,12,27.73,0%,439,0,0,0,0,0,0,8,86,1,6,0,0,2.31083333333333,0,0,0,0,0,0,2,20.1428571428571,0.142857142857143,1.14285714285714,0.0204081632653062,4
Luke Willson,Sea,TE,14,27.30,4%,441,0,0,0,0,0,0,13,87,0,5,0,0,1.95,0,0,0,-0.714285714285714,0,0,2.14285714285714,22.7142857142857,0.142857142857143,1.14285714285714,0.0204081632653062,4.59183673469387
Tyreek Hill,KC,WR,16,394.00,100%,7,0,0,0,151,1,8,87,1479,12,60,0,0,24.625,0,0,0,0,0,0,2,18.5714285714286,0.142857142857143,1.14285714285714,0.0204081632653062,4
DeAndre Hopkins,Hou,WR,16,384.10,100%,8,0,0,0,-7,0,0,115,1572,11,81,0,2,24.00625,0,0,0,0,0,0,1.4,28.6,0.4,1,0.16,2.0
Antonio Brown,NE,WR,15,373.47,31%,9,0,0,0,0,0,0,104,1297,15,63,0,0,24.898,7,0,0.2,10,0.2,0.6,2.6,16.6,0,1.4,0.04,6.8
Davante Adams,GB,WR,15,373.40,99%,10,0,0,0,0,0,0,111,1386,13,64,1,0,24.8933333333333,0,0,0,7,0,0.428571428571429,2.28571428571429,16,0,0.571428571428571,0,5.22448979591839
Julio Jones,Atl,WR,16,367.00,100%,11,0,0,0,12,0,1,113,1677,8,80,0,2,22.9375,0,0,0,17.1666666666667,0.166666666666667,1,1.33333333333333,10.8333333333333,0,0.666666666666667,0.0277777777777779,1.77777777777777
Michael Thomas,NO,WR,16,361.67,100%,13,0,0,0,0,0,0,125,1405,9,75,0,2,22.604375,0,0,0,11.1428571428571,0,0.428571428571429,0.428571428571429,2.71428571428571,0,0.142857142857143,0,0.183673469387755
Adam Thielen,Min,WR,16,354.53,99%,14,0,0,0,30,0,1,113,1373,9,74,1,1,22.158125,0,0,0,27.4,0,1.2,1.8,11.6,0,0.6,0,3.2
JuJu Smith-Schuster,Pit,WR,16,332.37,99%,19,0,0,0,13,0,1,111,1426,7,68,1,1,20.773125,0,0,0,25.6666666666667,0.333333333333333,1.66666666666667,0.166666666666667,1.66666666666667,0,0,0.111111111111111,0.027777777777778
Mike Evans,TB,WR,16,322.60,100%,23,0,0,0,0,0,0,86,1524,8,69,0,1,20.1625,0,0,0,0,0,0,1.71428571428571,17.2857142857143,0.142857142857143,1,0.0204081632653062,2.93877551020407
Tyler Lockett,Sea,WR,16,313.83,99%,29,0,0,0,69,0,3,57,965,10,37,1,0,19.614375,0,0,0,-0.166666666666667,0.166666666666667,0.166666666666667,2.66666666666667,21.6666666666667,0,0.5,0.0277777777777779,7.11111111111113
Robert Woods,LAR,WR,16,309.97,97%,31,0,0,0,157,1,9,86,1219,6,66,0,0,19.373125,0,0,0,51,0.333333333333333,2,1.66666666666667,9.33333333333333,0,0,0.111111111111111,2.77777777777779
Stefon Diggs,Min,WR,15,302.27,99%,34,0,0,0,62,0,3,102,1021,9,49,1,0,20.1513333333333,0,0,0,0,0,0,2.16666666666667,29.3333333333333,0,1.5,0,4.69444444444446
Keenan Allen,LAC,WR,16,300.73,100%,35,0,0,0,75,0,4,97,1196,6,62,1,1,18.795625,0,0,0,18,1,2,0,0,0,0,1,0
Brandin Cooks,LAR,WR,16,272.07,97%,46,0,0,0,68,1,5,80,1204,5,56,0,0,17.004375,0,0,0,0,0,0,1.71428571428571,15.5714285714286,0.142857142857143,0.428571428571429,0.0204081632653062,2.93877551020407
Odell Beckham Jr.,Cle,WR,12,266.27,100%,47,106,2,0,19,0,2,77,1052,6,51,0,1,22.1891666666667,0,0,0,0,0,0,2.5,30.75,0.25,1,0.0625,6.3
T.Y. Hilton,Ind,WR,14,263.87,98%,48,0,0,0,0,0,0,76,1270,6,55,0,0,18.8478571428571,0,0,0,0,0,0,1.14285714285714,14.7142857142857,0.142857142857143,1,0.0204081632653062,1.30612244897959
Tyler Boyd,Cin,WR,14,254.83,95%,52,0,0,0,3,0,0,76,1028,7,54,0,0,18.2021428571429,0,0,0,27,0,0.666666666666667,3,11.3333333333333,0.333333333333333,0.666666666666667,0.111111111111111,9
Julian Edelman,NE,WR,12,254.49,99%,53,43,0,0,107,0,7,74,850,6,41,0,0,21.2075,0,0,0,0,0,0,1.71428571428571,21.8571428571429,0,1,0,2.93877551020407
Amari Cooper,Dal,WR,15,250.00,100%,55,0,0,0,20,0,1,75,1005,7,53,0,2,16.6666666666667,0,0,0,8.14285714285714,0,0.428571428571429,2,8.71428571428571,0,0.285714285714286,0,4
Calvin Ridley,Atl,WR,16,244.43,93%,59,0,0,0,27,0,1,64,821,10,39,0,1,15.276875,0,0,0,0,0,0,1.71428571428571,20.7142857142857,0,0.857142857142857,0,2.93877551020407
Jarvis Landry,Cle,WR,16,239.79,84%,61,63,0,0,60,1,2,81,976,4,44,1,1,14.986875,0,0,0,0,0,0,0.2,0.8,0,0,0,0.0
Kenny Golladay,Det,WR,15,237.67,98%,62,0,0,0,8,0,0,70,1063,5,56,0,0,15.8446666666667,0,0,0,1.42857142857143,0,0.142857142857143,1.28571428571429,23,0,0.571428571428571,0,1.65306122448981
Dede Westbrook,Jax,WR,16,236.90,77%,64,0,0,0,98,0,5,66,717,5,38,0,2,14.80625,0,0,0,18.1666666666667,0,0.5,1.16666666666667,12.1666666666667,0,0.166666666666667,0,1.36111111111112
Adam Humphries,Ten,WR,16,235.10,5%,65,0,0,0,11,0,0,76,816,5,48,0,0,14.69375,0,0,0,0,0,0,2.16666666666667,23.8333333333333,0,0.666666666666667,0,4.69444444444446
Chris Godwin,TB,WR,16,219.13,99%,77,0,0,0,0,0,0,59,842,7,48,1,1,13.695625,0,0,0,24.5,0.25,0.5,0.75,8.5,0,0.25,0.0625,0.56
Alshon Jeffery,Phi,WR,13,217.20,92%,79,0,0,0,0,0,0,65,843,6,48,0,0,16.7076923076923,0,0,0,9,0,0.4,2,20,0,1,0,4
Emmanuel Sanders,SF,WR,12,214.29,84%,83,28,1,0,53,1,2,71,868,4,37,0,0,17.8575,0,0,0,47.3333333333333,0,1.66666666666667,2,4.33333333333333,0,0,0,4
Mike Williams,LAC,WR,16,214.07,79%,84,0,0,0,28,1,2,43,664,10,36,1,0,13.379375,0,0,0,11.8,0,0.4,1,4.2,0,0.2,0,1
Larry Fitzgerald,Ari,WR,16,212.21,91%,88,32,1,0,0,0,0,69,734,6,39,1,0,13.263125,0,0,0,0,0,0,1,19,0.166666666666667,0.666666666666667,0.0277777777777779,1
Sterling Shepard,NYG,WR,16,212.13,72%,89,0,0,0,33,0,1,66,872,4,47,1,0,13.258125,0,0,0,7.16666666666667,0.333333333333333,1,0.5,4.83333333333333,0,0.333333333333333,0.111111111111111,0.3
Corey Davis,Ten,WR,16,210.90,58%,92,0,0,0,55,0,2,65,891,4,47,0,0,13.18125,0,0,0,3.33333333333333,0,0,0.333333333333333,2.33333333333333,0.166666666666667,0.166666666666667,0.0277777777777779,0.111111111111111
Mohamed Sanu,NE,WR,16,208.47,76%,94,5,1,0,44,0,5,66,838,4,41,1,1,13.029375,0,0,0,6.83333333333333,0.166666666666667,0.5,1.5,11,0,0.333333333333333,0.0277777777777779,2.3
Golden Tate,NYG,WR,15,201.20,76%,103,0,0,0,34,0,1,74,795,4,33,1,0,13.4133333333333,0,0,0,0,0,0,1.57142857142857,16,0,0.857142857142857,0,2.46938775510204
Zay Jones,Oak,WR,16,190.47,3%,112,0,0,0,0,0,0,56,652,7,33,1,0,11.904375,0,0,0,13.8333333333333,0,0.333333333333333,1.33333333333333,5.83333333333333,0,0.333333333333333,0,1.77777777777777
DJ Moore,Car,WR,16,188.83,89%,114,0,0,0,172,0,6,55,788,2,33,0,3,11.801875,0,0,0,0,0,0,1.6,9,0.2,0.8,0.04,2.6
Andre Roberts,Buf,WR,16,186.07,0%,115,0,0,0,20,0,1,10,79,1,4,0,1,11.629375,0,0,0,4.85714285714286,0,0.142857142857143,0.285714285714286,2,0,0.142857142857143,0,0.081632653061225
Cordarrelle Patterson,Chi,WR,15,182.57,1%,117,0,0,0,228,1,15,21,247,3,11,0,1,12.1713333333333,0,0,0,0,0,0,2.6,13.6,0,1,0,6.8
Demaryius Thomas,NYJ,WR,15,181.13,6%,120,0,0,0,0,0,0,59,677,5,37,0,0,12.0753333333333,0,0,0,9,0,0.666666666666667,1.5,6.66666666666667,0,0.166666666666667,0,2.3
Cole Beasley,Buf,WR,16,179.70,24%,123,0,0,0,0,0,0,65,672,3,39,0,0,11.23125,0,0,0,0,0,0,1.28571428571429,17,0,0.714285714285714,0,1.65306122448981
Nelson Agholor,Phi,WR,16,178.87,23%,125,15,0,0,32,0,2,64,736,4,28,0,0,11.179375,0,0,0,22.3333333333333,0,0.333333333333333,0.5,3.5,0,0.166666666666667,0,0.3
A.J. Green,Cin,WR,9,175.27,84%,128,0,0,0,0,0,0,46,694,6,37,0,1,19.4744444444444,0,0,0,1.28571428571429,0,0.142857142857143,0.857142857142857,2,0.142857142857143,0.142857142857143,0.0204081632653062,0.734693877551020
Jordy Nelson,Oak,WR,15,174.77,0%,129,0,0,0,-2,0,0,63,739,3,36,1,0,11.6513333333333,0,0,0,17.5,0,1.16666666666667,0.166666666666667,2.33333333333333,0,0,0,0.027777777777778
Robby Anderson,NYJ,WR,14,174.63,68%,130,0,0,0,-8,0,0,50,752,6,30,0,2,12.4735714285714,0,0,0,0,0,0,1.14285714285714,15.4285714285714,0,0.571428571428571,0,1.30612244897959
Curtis Samuel,Car,WR,13,174.23,75%,131,0,0,0,84,2,3,39,494,5,24,0,1,13.4023076923077,0,0,0,7.42857142857143,0,0.285714285714286,0.285714285714286,2,0.142857142857143,0.142857142857143,0.0204081632653062,0.081632653061225
Allen Robinson II,Chi,WR,13,172.17,96%,132,0,0,0,9,0,0,55,754,4,36,0,1,13.2438461538462,0,0,0,0,0,0,1.5,12.3333333333333,0,0.5,0,2.3
Antonio Callaway,Cle,WR,16,171.17,1%,134,0,0,0,7,0,1,43,586,5,27,1,1,10.698125,0,0,0,0,0,0,2.16666666666667,10.8333333333333,0,0.166666666666667,0,4.69444444444446
Taylor Gabriel,Chi,WR,16,166.97,6%,143,0,0,0,61,0,3,67,688,2,31,0,1,10.435625,0,0,0,0,0,0,1.14285714285714,10,0,0.714285714285714,0,1.30612244897959
DeSean Jackson,Phi,WR,12,166.90,62%,144,0,0,0,29,1,2,41,774,4,31,0,0,13.9083333333333,0,0,0,8.28571428571429,0,0.428571428571429,0.571428571428571,5.85714285714286,0,0.285714285714286,0,0.326530612244897
Alex Erickson,Cin,WR,16,165.43,6%,146,0,0,0,22,0,1,20,167,0,7,0,1,10.339375,0,0,0,0,0,0,2,18.5,0.5,1.5,0.25,4
Ryan Switzer,Pit,WR,16,163.87,0%,148,0,0,0,21,0,0,36,253,1,15,0,0,10.241875,0,0,0,3.5,0,0,1,11.8333333333333,0,0.166666666666667,0,1
Doug Baldwin,Sea,WR,13,163.20,0%,149,0,0,0,0,0,0,50,618,5,32,0,0,12.5538461538462,0,0,0,14,0,1.4,0.4,3.4,0,0,0,0.2
John Brown,Buf,WR,16,158.07,85%,153,0,0,0,4,0,0,42,715,5,28,0,0,9.879375,0,0,0,1.5,0,0,1.5,19,0,1,0,2.3
Tyrell Williams,Oak,WR,16,157.03,63%,156,0,0,0,15,0,1,41,653,5,30,0,0,9.814375,0,0,0,0.428571428571429,0,0,0.857142857142857,13.4285714285714,0,0.428571428571429,0,0.734693877551020
Cooper Kupp,LAR,WR,8,156.63,99%,157,0,0,0,25,0,3,40,566,6,25,0,0,19.57875,0,0,0,0,0,0,1.16666666666667,10.1666666666667,0,0.666666666666667,0,1.36111111111112
Kenny Stills,Hou,WR,15,155.59,54%,159,3,1,0,0,0,0,37,553,6,27,1,0,10.3726666666667,0,0,0,0,0,0,0.5,4.16666666666667,0.166666666666667,0.333333333333333,0.0277777777777779,0.3
Chester Rogers,Ind,WR,16,155.43,0%,160,0,0,0,-4,0,0,53,485,2,28,2,0,9.714375,0,0,0,14.1666666666667,0.166666666666667,0.333333333333333,0,0,0,0,0.0277777777777779,0
Willie Snead IV,Bal,WR,16,154.00,4%,164,0,0,0,13,0,1,62,651,1,37,0,0,9.625,0,0,0,0,0,0,1,9.57142857142857,0,0.428571428571429,0,1
Michael Crabtree,Ari,WR,16,153.47,0%,168,0,0,0,0,0,0,54,607,3,35,0,0,9.591875,0,0,0,0,0,0,0.75,13.75,0,0.75,0,0.56
Anthony Miller,Chi,WR,15,153.02,11%,169,8,0,0,26,0,0,33,423,7,19,0,0,10.2013333333333,0,0,0,0,0,0,0,0,0,0,0,0
Jakeem Grant,Mia,WR,10,152.67,1%,170,0,0,0,5,0,0,21,268,2,13,0,0,15.267,0,0,0,0,0,0,0.6,10,0,0.6,0,0.4
Josh Gordon,NE,WR,12,152.13,46%,171,0,0,0,0,0,0,41,737,4,30,0,0,12.6775,0,0,0,0,0,0,0.666666666666667,6.33333333333333,0,0.333333333333333,0,0.444444444444445
Courtland Sutton,Den,WR,16,150.83,91%,174,0,0,0,-1,0,0,42,704,4,30,0,0,9.426875,0,0,0,0,0,0,0.666666666666667,6.16666666666667,0,0.333333333333333,0,0.444444444444445
Christian Kirk,Ari,WR,12,149.23,71%,177,0,0,0,35,0,2,43,590,3,21,0,0,12.4358333333333,0,0,0,0.428571428571429,0,0.285714285714286,0.428571428571429,4.57142857142857,0,0.142857142857143,0,0.183673469387755
Devin Funchess,Ind,WR,14,147.60,6%,180,0,0,0,0,0,0,44,549,4,35,0,0,10.5428571428571,0,0,0,1.5,0.166666666666667,0.166666666666667,0.333333333333333,1,0,0,0.0277777777777779,0.111111111111111
Donte Moncrief,Pit,WR,16,144.23,9%,186,0,0,0,0,0,0,48,668,3,29,0,1,9.014375,0,0,0,0.833333333333333,0,0,0.666666666666667,6.5,0,0.166666666666667,0,0.444444444444445
Danny Amendola,Det,WR,15,143.15,8%,188,28,1,0,-2,0,0,59,575,1,27,0,0,9.54333333333333,0,0,0,7,0,0.5,2,9,0,0,0,4
Kendrick Bourne,SF,WR,16,136.47,0%,197,0,0,0,0,0,0,42,487,4,30,0,0,8.529375,0,0,0,0,0,0,0.333333333333333,8.66666666666667,0,0.333333333333333,0,0.111111111111111
Marvin Jones Jr.,Det,WR,9,135.87,87%,198,0,0,0,0,0,0,35,508,5,27,0,0,15.0966666666667,0,0,0,18,0,0,3,20,0,1,0,9
Rashard Higgins,Cle,WR,13,134.13,1%,199,0,0,0,0,0,0,39,572,4,27,0,1,10.3176923076923,0,0,0,1.28571428571429,0,0.428571428571429,0.142857142857143,2.14285714285714,0,0.142857142857143,0,0.020408163265306
Sammy Watkins,KC,WR,10,129.80,79%,207,0,0,0,52,0,2,40,519,3,24,0,0,12.98,0,0,0,0,0,0,0,0,0,0,0,0
Josh Doctson,Min,WR,15,126.47,0%,211,0,0,0,0,0,0,44,532,2,31,0,0,8.43133333333333,0,0,0,0,0,0,0.333333333333333,4.5,0,0.166666666666667,0,0.111111111111111
Marquez Valdes-Scantling,GB,WR,16,122.73,71%,217,0,0,0,29,0,2,38,581,2,23,0,0,7.670625,0,0,0,0,0,0,0.166666666666667,4,0,0.166666666666667,0,0.027777777777778
Josh Reynolds,LAR,WR,16,120.60,0%,221,0,0,0,8,0,1,29,402,5,23,0,0,7.5375,0,0,0,0,0,0,0.5,5.75,0,0.25,0,0.3
Will Fuller V,Hou,WR,7,120.53,66%,222,0,0,0,0,0,0,32,503,4,23,0,0,17.2185714285714,0,0,0,0,0,0,1.5,10,0,0,0,2.3
Dante Pettis,SF,WR,12,119.63,16%,224,0,0,0,-2,0,0,27,467,5,19,0,0,9.96916666666667,0,0,0,0,0,0,0.5,-0.166666666666667,0,0.166666666666667,0,0.3
Tre'Quan Smith,NO,WR,15,119.47,4%,225,0,0,0,0,0,0,28,427,5,23,0,0,7.96466666666667,0,0,0,4,0,0.142857142857143,0,0,0,0,0,0
Seth Roberts,Bal,WR,15,119.43,0%,226,0,0,0,5,0,1,45,494,2,24,0,0,7.962,0,0,0,0,0,0,0.142857142857143,3,0,0.142857142857143,0,0.020408163265306
David Moore,Sea,WR,16,116.97,1%,230,0,0,0,5,0,0,26,445,5,19,0,0,7.310625,0,0,0,0,0,0,0.142857142857143,2.85714285714286,0,0.142857142857143,0,0.020408163265306
Chris Hogan,Car,WR,16,116.47,0%,231,0,0,0,0,0,0,35,532,3,22,0,0,7.279375,0,0,0,0.428571428571429,0,0,0.285714285714286,2.14285714285714,0,0,0,0.081632653061225