Player Name,l_team,l_pos,l_gp,l_points,l_owners,l_project,l_actual,l_passyds,l_passtd,l_passint,l_rushyds,l_rushtd,l_rush1st,l_recepts,l_recyds,l_rectd,l_rec1st,l_fumble,QB?,RB?,WR?,TE?,l_passydpg,l_passtdpg,l_passintpg,l_rushydpg,l_rushtdpg,l_rush1stpg,l_receptspg,l_recydspg,l_rectdpg,l_rec1stpg
Christian McCaffrey,Car,RB,6,201.13,1,1,1,0,0,0,618,7,22,35,305,2,18,0,0,1,0,0,0,0,0,103,1.16666666666667,3.66666666666667,5.83333333333333,50.8333333333333,0.333333333333333,3
Chris Godwin,TB,WR,6,173.13,0.99,10,3,0,0,0,0,0,0,43,662,6,38,0,0,0,1,0,0,0,0,0,0,0,7.16666666666667,110.333333333333,1,6.33333333333333
Lamar Jackson,Bal,QB,6,172.28,0.99,3,4,1507,11,5,460,2,24,0,0,0,0,0,1,0,0,0,251.166666666667,1.83333333333333,0.833333333333333,76.6666666666667,0.333333333333333,4,0,0,0,0
Russell Wilson,Sea,QB,6,158.26,0.99,11,5,1704,14,0,151,3,9,0,0,0,0,1,1,0,0,0,284,2.33333333333333,0,25.1666666666667,0.5,1.5,0,0,0,0
Austin Ekeler,LAC,RB,6,156.77,0.98,18,6,0,0,0,241,3,17,42,370,3,17,2,0,1,0,0,0,0,0,40.1666666666667,0.5,2.83333333333333,7,61.6666666666667,0.5,2.83333333333333
Deshaun Watson,Hou,QB,6,154.16,1,5,7,1644,12,3,164,5,12,0,0,0,0,2,1,0,0,0,274,2,0.5,27.3333333333333,0.833333333333333,2,0,0,0,0
Dalvin Cook,Min,RB,6,151.50,1,4,8,0,0,0,583,6,24,23,213,0,10,1,0,1,0,0,0,0,0,97.1666666666667,1,4,3.83333333333333,35.5,0,1.66666666666667
Michael Thomas,NO,WR,6,149.13,1,7,9,0,0,0,0,0,0,53,632,3,30,0,0,0,1,0,0,0,0,0,0,0,8.83333333333333,105.333333333333,0.5,5
Patrick Mahomes,KC,QB,6,148.16,1,2,10,2104,14,1,80,0,6,0,0,0,0,2,1,0,0,0,350.666666666667,2.33333333333333,0.166666666666667,13.3333333333333,0,1,0,0,0,0
David Johnson,Ari,RB,6,145.80,1,19,11,0,0,0,298,2,19,30,315,3,14,0,0,1,0,0,0,0,0,49.6666666666667,0.333333333333333,3.16666666666667,5,52.5,0.5,2.33333333333333
Matt Ryan,Atl,QB,6,139.64,0.99,22,12,2011,15,7,62,1,3,0,0,0,0,1,1,0,0,0,335.166666666667,2.5,1.16666666666667,10.3333333333333,0.166666666666667,0.5,0,0,0,0
Dak Prescott,Dal,QB,6,138.62,0.97,16,13,1883,11,6,133,2,10,0,0,0,0,0,1,0,0,0,313.833333333333,1.83333333333333,1,22.1666666666667,0.333333333333333,1.66666666666667,0,0,0,0
Nick Chubb,Cle,RB,6,137.23,1,14,14,0,0,0,607,6,20,20,128,0,6,1,0,1,0,0,0,0,0,101.166666666667,1,3.33333333333333,3.33333333333333,21.3333333333333,0,1
Kyler Murray,Ari,QB,6,136.36,0.94,25,15,1664,7,4,238,2,14,0,0,0,0,0,1,0,0,0,277.333333333333,1.16666666666667,0.666666666666667,39.6666666666667,0.333333333333333,2.33333333333333,0,0,0,0
Cooper Kupp,LAR,WR,6,135.20,0.99,8,16,0,0,0,4,0,0,45,522,4,23,0,0,0,1,0,0,0,0,0.666666666666667,0,0,7.5,87,0.666666666666667,3.83333333333333
Leonard Fournette,Jax,RB,6,135.00,0.99,24,17,0,0,0,584,1,24,26,189,0,12,1,0,1,0,0,0,0,0,97.3333333333333,0.166666666666667,4,4.33333333333333,31.5,0,2
Chris Carson,Sea,RB,6,133.73,0.98,28,18,0,0,0,504,2,31,19,140,2,6,3,0,1,0,0,0,0,0,84,0.333333333333333,5.16666666666667,3.16666666666667,23.3333333333333,0.333333333333333,1
Alvin Kamara,NO,RB,6,131.22,1,6,19,13,0,0,373,1,18,33,276,1,12,0,0,1,0,0,2.16666666666667,0,0,62.1666666666667,0.166666666666667,3,5.5,46,0.166666666666667,2
Ezekiel Elliott,Dal,RB,6,130.37,1,29,20,0,0,0,491,5,29,18,139,0,7,1,0,1,0,0,0,0,0,81.8333333333333,0.833333333333333,4.83333333333333,3,23.1666666666667,0,1.16666666666667
Amari Cooper,Dal,WR,6,128.33,1,17,22,0,0,0,0,0,0,33,515,5,21,0,0,0,1,0,0,0,0,0,0,0,5.5,85.8333333333333,0.833333333333333,3.5
Aaron Jones,GB,RB,6,127.77,1,21,23,0,0,0,349,8,21,23,163,0,8,1,0,1,0,0,0,0,0,58.1666666666667,1.33333333333333,3.5,3.83333333333333,27.1666666666667,0,1.33333333333333
DJ Chark Jr.,Jax,WR,6,126.20,0.89,42,24,0,0,0,0,0,0,30,528,5,21,0,0,0,1,0,0,0,0,0,0,0,5,88,0.833333333333333,3.5
Tyler Lockett,Sea,WR,6,124.87,0.98,9,25,0,0,0,-5,0,0,35,454,3,22,0,0,0,1,0,0,0,0,-0.833333333333333,0,0,5.83333333333333,75.6666666666667,0.5,3.66666666666667
Keenan Allen,LAC,WR,6,123.83,1,12,26,0,0,0,3,0,0,40,503,3,26,0,0,0,1,0,0,0,0,0.5,0,0,6.66666666666667,83.8333333333333,0.5,4.33333333333333
Carson Wentz,Phi,QB,6,123.52,0.97,23,27,1458,12,3,82,1,9,0,0,0,0,0,1,0,0,0,243,2,0.5,13.6666666666667,0.166666666666667,1.5,0,0,0,0
Julio Jones,Atl,WR,6,123.23,1,15,29,0,0,0,1,0,0,34,467,4,26,0,0,0,1,0,0,0,0,0.166666666666667,0,0,5.66666666666667,77.8333333333333,0.666666666666667,4.33333333333333
Austin Hooper,Atl,TE,6,123.00,0.97,93,30,0,0,0,0,0,0,42,480,3,23,0,0,0,0,1,0,0,0,0,0,0,7,80,0.5,3.83333333333333
Mark Ingram II,Bal,RB,6,120.33,0.98,54,31,0,0,0,424,7,27,11,89,0,6,1,0,1,0,0,0,0,0,70.6666666666667,1.16666666666667,4.5,1.83333333333333,14.8333333333333,0,1
Tom Brady,NE,QB,6,118.02,0.98,32,32,1743,10,3,3,3,4,0,0,0,0,1,1,0,0,0,290.5,1.66666666666667,0.5,0.5,0.5,0.666666666666667,0,0,0,0
James Conner,Pit,RB,6,116.90,0.99,61,33,0,0,0,235,3,14,26,231,2,12,1,0,1,0,0,0,0,0,39.1666666666667,0.5,2.33333333333333,4.33333333333333,38.5,0.333333333333333,2
Devonta Freeman,Atl,RB,6,112.03,0.98,67,36,0,0,0,275,0,16,25,203,3,8,1,0,1,0,0,0,0,0,45.8333333333333,0,2.66666666666667,4.16666666666667,33.8333333333333,0.5,1.33333333333333
Mike Evans,TB,WR,6,111.93,1,44,37,0,0,0,0,0,0,27,464,4,20,0,0,0,1,0,0,0,0,0,0,0,4.5,77.3333333333333,0.666666666666667,3.33333333333333
Adam Thielen,Min,WR,6,111.50,1,30,38,0,0,0,1,1,1,26,366,5,16,0,0,0,1,0,0,0,0,0.166666666666667,0.166666666666667,0.166666666666667,4.33333333333333,61,0.833333333333333,2.66666666666667
Phillip Lindsay,Den,RB,6,110.50,0.96,69,39,0,0,0,397,4,18,19,147,0,8,0,0,1,0,0,0,0,0,66.1666666666667,0.666666666666667,3,3.16666666666667,24.5,0,1.33333333333333
Terry McLaurin,Was,WR,5,110.20,0.8,112,40,0,0,0,0,0,0,23,408,5,20,0,0,0,1,0,0,0,0,0,0,0,4.6,81.6,1,4
Courtland Sutton,Den,WR,6,108.80,0.84,56,41,0,0,0,0,0,0,30,477,3,23,0,0,0,1,0,0,0,0,0,0,0,5,79.5,0.5,3.83333333333333
DeAndre Hopkins,Hou,WR,6,107.80,1,27,42,0,0,1,0,0,0,40,402,2,25,0,0,0,1,0,0,0,0.166666666666667,0,0,0,6.66666666666667,67,0.333333333333333,4.16666666666667
Julian Edelman,NE,WR,6,107.11,0.99,33,43,32,0,0,9,0,1,38,449,2,20,0,0,0,1,0,5.33333333333333,0,0,1.5,0,0.166666666666667,6.33333333333333,74.8333333333333,0.333333333333333,3.33333333333333
Jameis Winston,TB,QB,6,106.64,0.83,37,44,1771,12,10,38,0,2,0,0,0,0,1,1,0,0,0,295.166666666667,2,1.66666666666667,6.33333333333333,0,0.333333333333333,0,0,0,0
Will Fuller V,Hou,WR,6,104.60,0.93,68,45,0,0,0,0,0,0,33,444,3,18,0,0,0,1,0,0,0,0,0,0,0,5.5,74,0.5,3
Mark Andrews,Bal,TE,6,104.33,0.96,79,46,0,0,0,0,0,0,34,410,3,21,1,0,0,0,1,0,0,0,0,0,0,5.66666666666667,68.3333333333333,0.5,3.5
Derrick Henry,Ten,RB,6,103.40,0.99,49,47,0,0,0,416,4,24,6,102,1,1,0,0,1,0,0,0,0,0,69.3333333333333,0.666666666666667,4,1,17,0.166666666666667,0.166666666666667
Kenny Golladay,Det,WR,5,101.27,0.97,35,48,0,0,0,0,0,0,24,364,4,21,0,0,0,1,0,0,0,0,0,0,0,4.8,72.8,0.8,4.2
Travis Kelce,KC,TE,6,99.13,1,31,50,0,0,0,0,0,0,32,497,1,26,0,0,0,0,1,0,0,0,0,0,0,5.33333333333333,82.8333333333333,0.166666666666667,4.33333333333333
Calvin Ridley,Atl,WR,6,98.87,0.94,66,51,0,0,0,0,0,0,25,343,4,19,0,0,0,1,0,0,0,0,0,0,0,4.16666666666667,57.1666666666667,0.666666666666667,3.16666666666667
Gardner Minshew II,Jax,QB,6,98.18,0.58,50,52,1442,9,2,125,0,4,0,0,0,0,4,1,0,0,0,240.333333333333,1.5,0.333333333333333,20.8333333333333,0,0.666666666666667,0,0,0,0
Marlon Mack,Ind,RB,5,97.80,0.98,45,53,0,0,0,470,2,31,7,42,0,0,0,0,1,0,0,0,0,0,94,0.4,6.2,1.4,8.4,0,0
Aaron Rodgers,GB,QB,6,97.80,0.99,36,54,1590,8,2,62,0,4,0,0,0,0,2,1,0,0,0,265,1.33333333333333,0.333333333333333,10.3333333333333,0,0.666666666666667,0,0,0,0
Larry Fitzgerald,Ari,WR,6,97.47,0.93,77,55,0,0,0,0,0,0,35,427,2,18,0,0,0,1,0,0,0,0,0,0,0,5.83333333333333,71.1666666666667,0.333333333333333,3
Le'Veon Bell,NYJ,RB,5,96.87,1,13,56,0,0,0,256,1,11,28,169,1,9,1,0,1,0,0,0,0,0,51.2,0.2,2.2,5.6,33.8,0.2,1.8
Josh Jacobs,Oak,RB,5,96.13,0.96,65,57,0,0,0,430,4,23,6,77,0,3,0,0,1,0,0,0,0,0,86,0.8,4.6,1.2,15.4,0,0.6
Tyler Boyd,Cin,WR,6,95.93,0.97,38,58,0,0,0,3,0,0,40,416,1,20,0,0,0,1,0,0,0,0,0.5,0,0,6.66666666666667,69.3333333333333,0.166666666666667,3.33333333333333
Philip Rivers,LAC,QB,6,95.80,0.86,47,59,1785,9,6,24,0,2,0,0,0,0,2,1,0,0,0,297.5,1.5,1,4,0,0.333333333333333,0,0,0,0
DJ Moore,Car,WR,6,94.83,0.92,89,61,0,0,0,25,0,2,33,425,1,23,1,0,0,1,0,0,0,0,4.16666666666667,0,0.333333333333333,5.5,70.8333333333333,0.166666666666667,3.83333333333333
Stefon Diggs,Min,WR,6,94.80,0.97,122,62,0,0,0,18,0,1,23,420,4,13,2,0,0,1,0,0,0,0,3,0,0.166666666666667,3.83333333333333,70,0.666666666666667,2.16666666666667
Matthew Stafford,Det,QB,5,94.78,0.58,43,63,1387,9,2,63,0,5,0,0,0,0,2,1,0,0,0,277.4,1.8,0.4,12.6,0,1,0,0,0,0
Allen Robinson II,Chi,WR,5,94.13,0.95,51,64,0,0,0,0,0,0,31,377,2,22,0,0,0,1,0,0,0,0,0,0,0,6.2,75.4,0.4,4.4
Jacoby Brissett,Ind,QB,5,94.08,0.42,46,65,1062,10,3,66,1,9,0,0,0,0,1,1,0,0,0,212.4,2,0.6,13.2,0.2,1.8,0,0,0,0
Kirk Cousins,Min,QB,6,93.96,0.47,62,66,1374,9,3,40,1,5,0,0,0,0,2,1,0,0,0,229,1.5,0.5,6.66666666666667,0.166666666666667,0.833333333333333,0,0,0,0
Evan Engram,NYG,TE,5,92.37,0.97,78,68,0,0,0,5,0,0,33,373,2,18,0,0,0,0,1,0,0,0,1,0,0,6.6,74.6,0.4,3.6
Andy Dalton,Cin,QB,6,91.68,0.26,57,69,1647,7,5,18,2,4,0,0,0,0,3,1,0,0,0,274.5,1.16666666666667,0.833333333333333,3,0.333333333333333,0.666666666666667,0,0,0,0
Miles Sanders,Phi,RB,6,89.70,0.76,161,70,0,0,0,199,0,7,13,219,1,7,1,0,1,0,0,0,0,0,33.1666666666667,0,1.16666666666667,2.16666666666667,36.5,0.166666666666667,1.16666666666667
Carlos Hyde,Hou,RB,6,89.07,0.76,81,71,0,0,0,426,3,28,6,22,0,1,1,0,1,0,0,0,0,0,71,0.5,4.66666666666667,1,3.66666666666667,0,0.166666666666667
Marcus Mariota,Ten,QB,6,89.06,0.13,59,72,1179,7,2,129,0,5,0,0,0,0,0,1,0,0,0,196.5,1.16666666666667,0.333333333333333,21.5,0,0.833333333333333,0,0,0,0
Josh Allen,Buf,QB,5,87.68,0.53,41,73,1122,5,7,158,3,11,0,0,0,0,2,1,0,0,0,224.4,1,1.4,31.6,0.6,2.2,0,0,0,0
Will Dissly,Sea,TE,6,87.17,0.77,127,74,0,0,0,7,0,0,23,262,4,14,0,0,0,0,1,0,0,0,1.16666666666667,0,0,3.83333333333333,43.6666666666667,0.666666666666667,2.33333333333333
Robert Woods,LAR,WR,6,85.57,0.97,76,76,0,0,0,59,1,3,31,355,0,18,0,0,0,1,0,0,0,0,9.83333333333333,0.166666666666667,0.5,5.16666666666667,59.1666666666667,0,3
John Brown,Buf,WR,5,85.40,0.68,97,77,0,0,0,4,0,0,28,390,1,23,0,0,0,1,0,0,0,0,0.8,0,0,5.6,78,0.2,4.6
Alshon Jeffery,Phi,WR,5,84.53,0.92,102,78,0,0,0,2,1,1,24,215,3,17,0,0,0,1,0,0,0,0,0.4,0.2,0.2,4.8,43,0.6,3.4
Matt Breida,SF,RB,5,83.47,0.9,94,80,0,0,0,376,1,14,10,73,1,5,0,0,1,0,0,0,0,0,75.2,0.2,2.8,2,14.6,0.2,1
Kerryon Johnson,Det,RB,5,82.90,0.99,48,82,0,0,0,285,2,16,9,126,1,7,1,0,1,0,0,0,0,0,57,0.4,3.2,1.8,25.2,0.2,1.4
Odell Beckham Jr.,Cle,WR,6,82.77,1,34,83,20,0,0,15,0,1,29,436,1,16,1,0,0,1,0,3.33333333333333,0,0,2.5,0,0.166666666666667,4.83333333333333,72.6666666666667,0.166666666666667,2.66666666666667
T.Y. Hilton,Ind,WR,4,82.47,0.98,52,84,0,0,0,0,0,0,24,232,4,11,0,0,0,1,0,0,0,0,0,0,0,6,58,1,2.75
Zach Ertz,Phi,TE,6,82.40,1,90,85,0,0,0,0,0,0,33,366,1,17,1,0,0,0,1,0,0,0,0,0,0,5.5,61,0.166666666666667,2.83333333333333
Curtis Samuel,Car,WR,6,82.40,0.77,134,86,0,0,0,36,1,2,23,297,2,14,0,0,0,1,0,0,0,0,6,0.166666666666667,0.333333333333333,3.83333333333333,49.5,0.333333333333333,2.33333333333333
Jordan Howard,Phi,RB,6,81.83,0.86,130,87,0,0,0,297,4,18,6,47,1,1,0,0,1,0,0,0,0,0,49.5,0.666666666666667,3,1,7.83333333333333,0.166666666666667,0.166666666666667
Todd Gurley II,LAR,RB,5,81.53,0.99,64,88,0,0,0,270,5,16,14,68,0,2,1,0,1,0,0,0,0,0,54,1,3.2,2.8,13.6,0,0.4
Sammy Watkins,KC,WR,5,81.33,0.91,117,89,0,0,0,0,0,0,23,365,3,12,1,0,0,1,0,0,0,0,0,0,0,4.6,73,0.6,2.4
George Kittle,SF,TE,5,81.33,1,71,90,0,0,0,18,0,1,31,338,1,17,0,0,0,0,1,0,0,0,3.6,0,0.2,6.2,67.6,0.2,3.4
Jared Goff,LAR,QB,6,81.38,0.92,39,91,1727,7,7,13,1,1,0,0,0,0,4,1,0,0,0,287.833333333333,1.16666666666667,1.16666666666667,2.16666666666667,0.166666666666667,0.166666666666667,0,0,0,0
James White,NE,RB,5,80.13,0.91,115,92,0,0,0,62,0,4,31,224,1,16,0,0,1,0,0,0,0,0,12.4,0,0.8,6.2,44.8,0.2,3.2
Mecole Hardman,KC,WR,6,79.00,0.48,173,94,0,0,0,1,0,1,16,291,2,11,1,0,0,1,0,0,0,0,0.166666666666667,0,0.166666666666667,2.66666666666667,48.5,0.333333333333333,1.83333333333333
Brandin Cooks,LAR,WR,6,78.97,0.97,83,95,0,0,0,51,0,3,23,343,1,17,0,0,0,1,0,0,0,0,8.5,0,0.5,3.83333333333333,57.1666666666667,0.166666666666667,2.83333333333333
Marquise Brown,Bal,WR,5,78.73,0.86,104,97,0,0,0,0,0,0,21,326,3,12,0,0,0,1,0,0,0,0,0,0,0,4.2,65.2,0.6,2.4
Darren Waller,Oak,TE,5,78.63,0.91,73,98,0,0,0,7,0,0,37,359,0,17,0,0,0,0,1,0,0,0,1.4,0,0,7.4,71.8,0,3.4
Mohamed Sanu,Atl,WR,6,78.17,0.59,103,99,0,0,0,3,0,1,32,310,1,16,0,0,0,1,0,0,0,0,0.5,0,0.166666666666667,5.33333333333333,51.6666666666667,0.166666666666667,2.66666666666667
Sony Michel,NE,RB,6,77.73,0.96,110,100,0,0,0,348,3,20,5,59,0,4,1,0,1,0,0,0,0,0,58,0.5,3.33333333333333,0.833333333333333,9.83333333333333,0,0.666666666666667
Jarvis Landry,Cle,WR,6,77.57,0.9,84,101,0,0,0,10,0,1,25,439,0,16,0,0,0,1,0,0,0,0,1.66666666666667,0,0.166666666666667,4.16666666666667,73.1666666666667,0,2.66666666666667
Emmanuel Sanders,Den,WR,6,77.47,0.81,63,102,0,0,0,0,0,0,25,307,2,14,0,0,0,1,0,0,0,0,0,0,0,4.16666666666667,51.1666666666667,0.333333333333333,2.33333333333333
Tyrell Williams,Oak,WR,4,76.40,0.73,88,104,0,0,0,0,0,0,17,216,4,13,0,0,0,1,0,0,0,0,0,0,0,4.25,54,1,3.25
LeSean McCoy,KC,RB,6,76.07,0.87,169,105,0,0,0,258,2,15,13,94,1,2,1,0,1,0,0,0,0,0,43,0.333333333333333,2.5,2.16666666666667,15.6666666666667,0.166666666666667,0.333333333333333
Royce Freeman,Den,RB,6,75.07,0.7,168,106,0,0,0,284,0,10,21,145,0,6,0,0,1,0,0,0,0,0,47.3333333333333,0,1.66666666666667,3.5,24.1666666666667,0,1
Michael Gallup,Dal,WR,4,74.80,0.87,98,107,0,0,0,0,0,0,24,387,1,17,0,0,0,1,0,0,0,0,0,0,0,6,96.75,0.25,4.25
JuJu Smith-Schuster,Pit,WR,6,73.67,1,60,108,0,0,0,0,0,0,25,340,2,12,1,0,0,1,0,0,0,0,0,0,0,4.16666666666667,56.6666666666667,0.333333333333333,2
Greg Olsen,Car,TE,6,73.53,0.9,133,109,0,0,0,0,0,0,22,278,2,17,0,0,0,0,1,0,0,0,0,0,0,3.66666666666667,46.3333333333333,0.333333333333333,2.83333333333333
Joe Flacco,Den,QB,6,73.50,0.08,80,110,1435,6,5,11,0,3,0,0,0,0,2,1,0,0,0,239.166666666667,1,0.833333333333333,1.83333333333333,0,0.5,0,0,0,0
Sterling Shepard,NYG,WR,4,73.00,0.78,92,111,0,0,0,42,0,2,25,267,1,14,0,0,0,1,0,0,0,0,10.5,0,0.5,6.25,66.75,0.25,3.5
Teddy Bridgewater,NO,QB,5,72.76,0.2,245,112,1089,7,2,32,0,2,0,0,0,0,0,1,0,0,0,217.8,1.4,0.4,6.4,0,0.4,0,0,0,0
Jimmy Garoppolo,SF,QB,5,72.52,0.63,58,113,1163,7,5,10,1,5,0,0,0,0,2,1,0,0,0,232.6,1.4,1,2,0.2,1,0,0,0,0
John Ross III,Cin,WR,4,71.87,0.13,306,115,0,0,0,0,0,0,16,328,3,12,1,0,0,1,0,0,0,0,0,0,0,4,82,0.75,3
Case Keenum,Was,QB,5,71.64,0.07,86,116,1136,9,4,12,0,1,0,0,0,0,2,1,0,0,0,227.2,1.8,0.8,2.4,0,0.2,0,0,0,0
Nelson Agholor,Phi,WR,6,71.03,0.28,164,117,0,0,0,0,0,0,23,230,3,10,1,0,0,1,0,0,0,0,0,0,0,3.83333333333333,38.3333333333333,0.5,1.66666666666667
Davante Adams,GB,WR,4,70.20,1,40,119,0,0,0,0,0,0,25,378,0,20,0,0,0,1,0,0,0,0,0,0,0,6.25,94.5,0,5
Dede Westbrook,Jax,WR,6,69.87,0.69,82,120,0,0,0,6,0,0,26,280,1,13,0,0,0,1,0,0,0,0,1,0,0,4.33333333333333,46.6666666666667,0.166666666666667,2.16666666666667
Joe Mixon,Cin,RB,6,69.67,0.98,111,121,0,0,0,252,0,12,14,97,1,4,0,0,1,0,0,0,0,0,42,0,2,2.33333333333333,16.1666666666667,0.166666666666667,0.666666666666667
Baker Mayfield,Cle,QB,6,69.34,0.75,74,123,1496,5,11,35,1,4,0,0,0,0,1,1,0,0,0,249.333333333333,0.833333333333333,1.83333333333333,5.83333333333333,0.166666666666667,0.666666666666667,0,0,0,0
Demarcus Robinson,KC,WR,6,68.73,0.53,165,124,0,0,0,0,0,0,17,281,3,9,0,0,0,1,0,0,0,0,0,0,0,2.83333333333333,46.8333333333333,0.5,1.5
DK Metcalf,Sea,WR,6,67.80,0.59,148,127,0,0,0,4,0,0,16,336,2,13,0,0,0,1,0,0,0,0,0.666666666666667,0,0,2.66666666666667,56,0.333333333333333,2.16666666666667
Frank Gore,Buf,RB,5,67.77,0.57,188,128,0,0,0,333,2,17,6,37,0,1,0,0,1,0,0,0,0,0,66.6,0.4,3.4,1.2,7.4,0,0.2
Jamaal Williams,GB,RB,5,66.80,0.19,207,129,0,0,0,191,0,8,12,87,2,5,0,0,1,0,0,0,0,0,38.2,0,1.6,2.4,17.4,0.4,1
Daniel Jones,NYG,QB,5,65.44,0.29,106,132,921,5,6,86,2,8,0,0,0,0,3,1,0,0,0,184.2,1,1.2,17.2,0.4,1.6,0,0,0,0
Chris Thompson,Was,RB,6,65.30,0.63,91,133,0,0,0,79,0,3,27,276,0,9,0,0,1,0,0,0,0,0,13.1666666666667,0,0.5,4.5,46,0,1.5
Ronald Jones II,TB,RB,6,64.03,0.59,149,135,0,0,0,279,2,13,5,92,0,4,0,0,1,0,0,0,0,0,46.5,0.333333333333333,2.16666666666667,0.833333333333333,15.3333333333333,0,0.666666666666667
Duke Johnson,Hou,RB,6,63.90,0.64,159,136,0,0,0,239,0,8,11,105,1,6,0,0,1,0,0,0,0,0,39.8333333333333,0,1.33333333333333,1.83333333333333,17.5,0.166666666666667,1
Jason Witten,Dal,TE,6,63.33,0.6,184,138,0,0,0,0,0,0,22,230,2,12,1,0,0,0,1,0,0,0,0,0,0,3.66666666666667,38.3333333333333,0.333333333333333,2
Phillip Dorsett II,NE,WR,5,63.23,0.38,136,139,0,0,0,21,0,1,15,197,3,8,0,0,0,1,0,0,0,0,4.2,0,0.2,3,39.4,0.6,1.6
Delanie Walker,Ten,TE,6,62.33,0.83,171,142,0,0,0,0,0,0,21,215,2,11,0,0,0,0,1,0,0,0,0,0,0,3.5,35.8333333333333,0.333333333333333,1.83333333333333
Derek Carr,Oak,QB,5,62.38,0.2,85,143,1117,6,3,27,0,1,0,0,0,0,2,1,0,0,0,223.4,1.2,0.6,5.4,0,0.2,0,0,0,0
Marvin Jones Jr.,Det,WR,5,62.00,0.74,123,144,0,0,0,4,0,0,20,294,1,14,0,0,0,1,0,0,0,0,0.8,0,0,4,58.8,0.2,2.8
Christian Kirk,Ari,WR,4,61.83,0.78,100,146,0,0,0,18,0,1,24,242,0,13,0,0,0,1,0,0,0,0,4.5,0,0.25,6,60.5,0,3.25
Tarik Cohen,Chi,RB,5,60.63,0.63,140,148,0,0,0,37,0,1,20,128,1,6,0,0,1,0,0,0,0,0,7.4,0,0.2,4,25.6,0.2,1.2
Cole Beasley,Buf,WR,5,59.80,0.15,153,150,0,0,0,0,0,0,27,267,0,13,0,0,0,1,0,0,0,0,0,0,0,5.4,53.4,0,2.6
Darren Fells,Hou,TE,6,58.60,0.05,276,153,0,0,0,0,0,0,15,159,3,9,0,0,0,0,1,0,0,0,0,0,0,2.5,26.5,0.5,1.5
Jamison Crowder,NYJ,WR,5,58.53,0.43,135,154,0,0,0,4,0,0,28,272,0,12,0,0,0,1,0,0,0,0,0.8,0,0,5.6,54.4,0,2.4
David Montgomery,Chi,RB,5,58.30,0.92,126,155,0,0,0,225,2,10,9,72,0,4,0,0,1,0,0,0,0,0,45,0.4,2,1.8,14.4,0,0.8
Preston Williams,Mia,WR,5,57.67,0.18,160,157,0,0,0,0,0,0,17,232,1,13,0,0,0,1,0,0,0,0,0,0,0,3.4,46.4,0.2,2.6
Gerald Everett,LAR,TE,6,57.47,0.73,180,158,0,0,0,0,0,0,20,232,1,14,0,0,0,0,1,0,0,0,0,0,0,3.33333333333333,38.6666666666667,0.166666666666667,2.33333333333333
Josh Gordon,NE,WR,6,57.23,0.92,116,159,0,0,0,1,0,0,20,287,1,10,0,0,0,1,0,0,0,0,0.166666666666667,0,0,3.33333333333333,47.8333333333333,0.166666666666667,1.66666666666667
A.J. Brown,Ten,WR,6,57.20,0.18,162,160,0,0,0,0,0,0,14,273,2,9,0,0,0,1,0,0,0,0,0,0,0,2.33333333333333,45.5,0.333333333333333,1.5
Willie Snead IV,Bal,WR,6,56.87,0.07,179,161,0,0,0,0,0,0,15,223,2,11,0,0,0,1,0,0,0,0,0,0,0,2.5,37.1666666666667,0.333333333333333,1.83333333333333
Saquon Barkley,NYG,RB,3,56.63,1,26,162,0,0,0,237,1,11,11,74,0,2,0,0,1,0,0,0,0,0,79,0.333333333333333,3.66666666666667,3.66666666666667,24.6666666666667,0,0.666666666666667
Kyle Allen,Car,QB,4,56.64,0.1,334,163,901,7,0,6,0,0,0,0,0,0,4,1,0,0,0,225.25,1.75,0,1.5,0,0,0,0,0,0
Diontae Johnson,Pit,WR,6,55.83,0.25,192,164,0,0,0,6,0,0,20,212,2,6,1,0,0,1,0,0,0,0,1,0,0,3.33333333333333,35.3333333333333,0.333333333333333,1
Peyton Barber,TB,RB,6,55.87,0.51,175,165,0,0,0,242,3,12,6,25,0,0,0,0,1,0,0,0,0,0,40.3333333333333,0.5,2,1,4.16666666666667,0,0
Marquez Valdes-Scantling,GB,WR,6,55.77,0.66,137,166,0,0,0,9,0,0,19,283,1,9,0,0,0,1,0,0,0,0,1.5,0,0,3.16666666666667,47.1666666666667,0.166666666666667,1.5
DeVante Parker,Mia,WR,5,55.27,0.14,144,168,0,0,0,0,0,0,13,229,2,11,0,0,0,1,0,0,0,0,0,0,0,2.6,45.8,0.4,2.2
Mike Williams,LAC,WR,5,55.20,0.83,105,169,0,0,0,0,0,0,19,303,0,16,0,0,0,1,0,0,0,0,0,0,0,3.8,60.6,0,3.2
Paul Richardson Jr.,Was,WR,6,54.87,0.11,204,172,0,0,0,0,0,0,20,163,2,8,0,0,0,1,0,0,0,0,0,0,0,3.33333333333333,27.1666666666667,0.333333333333333,1.33333333333333
Auden Tate,Cin,WR,5,54.40,0.23,191,173,0,0,0,0,0,0,19,261,1,12,1,0,0,1,0,0,0,0,0,0,0,3.8,52.2,0.2,2.4
Randall Cobb,Dal,WR,5,54.00,0.15,226,174,0,0,0,11,0,0,17,210,1,11,0,0,0,1,0,0,0,0,2.2,0,0,3.4,42,0.2,2.2
Kenyan Drake,Mia,RB,5,53.93,0.65,121,176,0,0,0,153,0,6,19,137,0,5,1,0,1,0,0,0,0,0,30.6,0,1.2,3.8,27.4,0,1
Mason Rudolph,Pit,QB,4,53.74,0.06,118,177,646,7,2,19,0,2,0,0,0,0,0,1,0,0,0,161.5,1.75,0.5,4.75,0,0.5,0,0,0,0
Dontrell Hilliard,Cle,RB,5,53.37,0.01,302,179,0,0,0,31,2,3,5,58,0,4,0,0,1,0,0,0,0,0,6.2,0.4,0.6,1,11.6,0,0.8
Jared Cook,NO,TE,6,52.20,0.7,213,180,0,0,0,0,0,0,15,168,2,10,0,0,0,0,1,0,0,0,0,0,0,2.5,28,0.333333333333333,1.66666666666667
Damien Williams,KC,RB,4,52.03,0.95,120,181,0,0,0,63,1,7,13,116,1,6,0,0,1,0,0,0,0,0,15.75,0.25,1.75,3.25,29,0.25,1.5
Corey Davis,Ten,WR,6,51.80,0.43,172,183,0,0,0,0,0,0,16,237,1,12,0,0,0,1,0,0,0,0,0,0,0,2.66666666666667,39.5,0.166666666666667,2
T.J. Hockenson,Det,TE,5,51.47,0.64,177,184,0,0,0,0,0,0,15,187,2,8,0,0,0,0,1,0,0,0,0,0,0,3,37.4,0.4,1.6
Raheem Mostert,SF,RB,5,51.43,0.15,243,185,0,0,0,249,0,9,4,68,1,3,1,0,1,0,0,0,0,0,49.8,0,1.8,0.8,13.6,0.2,0.6
Taylor Gabriel,Chi,WR,3,50.43,0.06,163,188,0,0,0,21,0,1,9,110,3,7,0,0,0,1,0,0,0,0,7,0,0.333333333333333,3,36.6666666666667,1,2.33333333333333
Chris Conley,Jax,WR,6,50.20,0.03,200,189,0,0,0,0,0,0,14,243,1,12,0,0,0,1,0,0,0,0,0,0,0,2.33333333333333,40.5,0.166666666666667,2
Jordan Akins,Hou,TE,6,50.07,0.09,234,190,0,0,0,0,0,0,13,196,2,8,0,0,0,0,1,0,0,0,0,0,0,2.16666666666667,32.6666666666667,0.333333333333333,1.33333333333333
Trey Quinn,Was,WR,6,49.40,0.02,158,191,0,0,0,0,0,0,20,135,1,8,1,0,0,1,0,0,0,0,0,0,0,3.33333333333333,22.5,0.166666666666667,1.33333333333333
Chase Edmonds,Ari,RB,6,49.17,0.34,235,192,0,0,0,161,1,4,8,76,1,4,0,0,1,0,0,0,0,0,26.8333333333333,0.166666666666667,0.666666666666667,1.33333333333333,12.6666666666667,0.166666666666667,0.666666666666667
Robby Anderson,NYJ,WR,5,49.07,0.6,138,193,0,0,0,0,0,0,16,256,1,8,0,0,0,1,0,0,0,0,0,0,0,3.2,51.2,0.2,1.6
Ted Ginn Jr.,NO,WR,6,49.03,0.07,261,194,0,0,0,13,0,1,16,206,1,9,0,0,0,1,0,0,0,0,2.16666666666667,0,0.166666666666667,2.66666666666667,34.3333333333333,0.166666666666667,1.5
Wayne Gallman Jr.,NYG,RB,5,48.97,0.26,268,196,0,0,0,107,2,6,9,79,1,4,1,0,1,0,0,0,0,0,21.4,0.4,1.2,1.8,15.8,0.2,0.8
Jimmy Graham,GB,TE,6,48.93,0.71,202,197,0,0,0,0,0,0,14,149,2,9,0,0,0,0,1,0,0,0,0,0,0,2.33333333333333,24.8333333333333,0.333333333333333,1.5
Ito Smith,Atl,RB,6,48.60,0.2,222,198,0,0,0,99,1,10,11,87,0,2,0,0,1,0,0,0,0,0,16.5,0.166666666666667,1.66666666666667,1.83333333333333,14.5,0,0.333333333333333
Brandon Bolden,NE,RB,5,47.90,0.01,342,200,0,0,0,45,2,3,5,72,1,4,0,0,1,0,0,0,0,0,9,0.4,0.6,1,14.4,0.2,0.8
Hunter Henry,LAC,TE,2,47.67,0.64,208,201,0,0,0,0,0,0,12,160,2,9,0,0,0,0,1,0,0,0,0,0,0,6,80,1,4.5
James O'Shaughnessy,Jax,TE,5,47.20,0,355,202,0,0,0,0,0,0,14,153,2,7,0,0,0,0,1,0,0,0,0,0,0,2.8,30.6,0.4,1.4
Rex Burkhead,NE,RB,4,47.00,0.19,221,203,0,0,0,112,1,5,14,117,0,5,0,0,1,0,0,0,0,0,28,0.25,1.25,3.5,29.25,0,1.25
Tony Pollard,Dal,RB,6,46.27,0.18,270,204,0,0,0,181,1,10,4,28,0,1,0,0,1,0,0,0,0,0,30.1666666666667,0.166666666666667,1.66666666666667,0.666666666666667,4.66666666666667,0,0.166666666666667
Adam Humphries,Ten,WR,6,46.00,0.05,205,205,0,0,0,1,0,0,21,189,0,10,0,0,0,1,0,0,0,0,0.166666666666667,0,0,3.5,31.5,0,1.66666666666667
Adrian Peterson,Was,RB,5,45.07,0.63,231,206,0,0,0,226,1,9,5,22,0,3,0,0,1,0,0,0,0,0,45.2,0.2,1.8,1,4.4,0,0.6
Steven Sims Jr.,Was,WR,6,44.67,0,328,208,0,0,0,82,1,1,5,28,0,2,0,0,0,1,0,0,0,0,13.6666666666667,0.166666666666667,0.166666666666667,0.833333333333333,4.66666666666667,0,0.333333333333333
Vance McDonald,Pit,TE,5,44.47,0.64,187,209,0,0,0,0,0,0,14,127,2,6,0,0,0,0,1,0,0,0,0,0,0,2.8,25.4,0.4,1.2
Geronimo Allison,GB,WR,6,43.30,0.3,249,210,0,0,0,7,0,0,13,144,2,6,1,0,0,1,0,0,0,0,1.16666666666667,0,0,2.16666666666667,24,0.333333333333333,1
Tyler Higbee,LAR,TE,5,43.27,0.04,252,211,0,0,0,0,0,0,16,154,1,9,0,0,0,0,1,0,0,0,0,0,0,3.2,30.8,0.2,1.8
Cameron Brate,TB,TE,6,42.93,0.01,291,212,0,0,0,0,0,0,12,119,2,7,0,0,0,0,1,0,0,0,0,0,0,2,19.8333333333333,0.333333333333333,1.16666666666667
Gus Edwards,Bal,RB,6,42.83,0.06,273,213,0,0,0,199,0,16,4,29,0,1,0,0,1,0,0,0,0,0,33.1666666666667,0,2.66666666666667,0.666666666666667,4.83333333333333,0,0.166666666666667
Tevin Coleman,SF,RB,3,42.77,0.83,131,214,0,0,0,165,2,9,4,49,0,2,0,0,1,0,0,0,0,0,55,0.666666666666667,3,1.33333333333333,16.3333333333333,0,0.666666666666667
Marquise Goodwin,SF,WR,5,42.57,0.19,210,215,0,0,0,15,0,1,11,181,1,9,0,0,0,1,0,0,0,0,3,0,0.2,2.2,36.2,0.2,1.8
Deebo Samuel,SF,WR,5,42.00,0.23,143,216,0,0,0,8,0,0,15,168,1,7,1,0,0,1,0,0,0,0,1.6,0,0,3,33.6,0.2,1.4
Jaron Brown,Sea,WR,6,41.67,0,313,219,0,0,0,0,0,0,11,145,2,7,1,0,0,1,0,0,0,0,0,0,0,1.83333333333333,24.1666666666667,0.333333333333333,1.16666666666667
Darius Slayton,NYG,WR,4,41.60,0.03,214,220,0,0,0,0,0,0,12,189,1,9,0,0,0,1,0,0,0,0,0,0,0,3,47.25,0.25,2.25
Latavius Murray,NO,RB,6,41.27,0.47,309,221,0,0,0,138,1,8,9,67,0,2,0,0,1,0,0,0,0,0,23,0.166666666666667,1.33333333333333,1.5,11.1666666666667,0,0.333333333333333
Darrel Williams,KC,RB,6,40.97,0.15,288,222,0,0,0,75,2,4,9,142,0,5,1,0,1,0,0,0,0,0,12.5,0.333333333333333,0.666666666666667,1.5,23.6666666666667,0,0.833333333333333
Alexander Mattison,Min,RB,6,40.73,0.22,304,224,0,0,0,252,1,12,1,8,0,0,1,0,1,0,0,0,0,0,42,0.166666666666667,2,0.166666666666667,1.33333333333333,0,0
Kenny Stills,Hou,WR,4,40.53,0.13,196,225,0,0,0,0,0,0,11,188,1,9,0,0,0,1,0,0,0,0,0,0,0,2.75,47,0.25,2.25
DeSean Jackson,Phi,WR,2,40.27,0.69,150,226,0,0,0,0,0,0,8,154,2,6,0,0,0,1,0,0,0,0,0,0,0,4,77,1,3
Eric Ebron,Ind,TE,5,40.07,0.53,233,227,0,0,0,0,0,0,9,136,2,6,0,0,0,0,1,0,0,0,0,0,0,1.8,27.2,0.4,1.2
Jack Doyle,Ind,TE,5,39.53,0.2,275,228,0,0,0,0,0,0,14,128,1,9,0,0,0,0,1,0,0,0,0,0,0,2.8,25.6,0.2,1.8
Nyheim Hines,Ind,RB,5,39.00,0.16,285,229,0,0,0,30,0,4,18,120,0,6,0,0,1,0,0,0,0,0,6,0,0.8,3.6,24,0,1.2
Richie James Jr.,SF,WR,5,38.53,0.01,265,232,0,0,0,0,0,0,4,68,1,3,1,0,0,1,0,0,0,0,0,0,0,0.8,13.6,0.2,0.6
Tyler Eifert,Cin,TE,6,38.20,0.17,274,233,0,0,0,0,0,0,15,108,1,8,0,0,0,0,1,0,0,0,0,0,0,2.5,18,0.166666666666667,1.33333333333333
Danny Amendola,Det,WR,4,37.90,0.06,183,237,0,0,0,0,0,0,12,147,1,7,0,0,0,1,0,0,0,0,0,0,0,3,36.75,0.25,1.75
Byron Pringle,KC,WR,6,37.90,0.12,326,238,0,0,0,0,0,0,10,147,1,6,0,0,0,1,0,0,0,0,0,0,0,1.66666666666667,24.5,0.166666666666667,1
Zach Pascal,Ind,WR,5,37.67,0.01,280,239,0,0,0,12,0,1,7,133,1,5,0,0,0,1,0,0,0,0,2.4,0,0.2,1.4,26.6,0.2,1
Noah Fant,Den,TE,6,37.63,0.22,248,240,0,0,0,-5,0,0,14,152,1,8,1,0,0,0,1,0,0,0,-0.833333333333333,0,0,2.33333333333333,25.3333333333333,0.166666666666667,1.33333333333333
Ricky Seals-Jones,Cle,TE,5,37.53,0.03,264,241,0,0,0,0,0,0,7,143,2,5,0,0,0,0,1,0,0,0,0,0,0,1.4,28.6,0.4,1
Jakeem Grant,Mia,WR,4,37.47,0.01,157,242,0,0,0,-2,0,0,9,52,0,3,1,0,0,1,0,0,0,0,-0.5,0,0,2.25,13,0,0.75
Jaylen Samuels,Pit,RB,5,36.93,0.2,195,244,35,0,1,50,1,3,13,83,0,7,0,0,1,0,0,7,0,0.2,10,0.2,0.6,2.6,16.6,0,1.4
Hayden Hurst,Bal,TE,6,36.73,0.05,241,245,0,0,0,0,0,0,13,131,1,7,0,0,0,0,1,0,0,0,0,0,0,2.16666666666667,21.8333333333333,0.166666666666667,1.16666666666667
Alex Erickson,Cin,WR,6,36.57,0.01,176,246,0,0,0,17,0,1,11,109,0,8,1,0,0,1,0,0,0,0,2.83333333333333,0,0.166666666666667,1.83333333333333,18.1666666666667,0,1.33333333333333
Dawson Knox,Buf,TE,5,36.30,0.08,266,247,0,0,0,9,0,1,10,156,1,6,0,0,0,0,1,0,0,0,1.8,0,0.2,2,31.2,0.2,1.2
Damiere Byrd,Ari,WR,4,36.30,0,262,248,0,0,0,0,0,0,14,156,0,6,0,0,0,1,0,0,0,0,0,0,0,3.5,39,0,1.5
KeeSean Johnson,Ari,WR,6,35.97,0.02,260,249,0,0,0,3,0,0,16,145,0,8,0,0,0,1,0,0,0,0,0.5,0,0,2.66666666666667,24.1666666666667,0,1.33333333333333
Parris Campbell,Ind,WR,4,35.13,0.03,289,252,0,0,0,7,0,0,10,62,1,3,1,0,0,1,0,0,0,0,1.75,0,0,2.5,15.5,0.25,0.75
Malcolm Brown,LAR,RB,6,35.07,0.63,307,253,0,0,0,154,2,10,1,10,0,0,0,0,1,0,0,0,0,0,25.6666666666667,0.333333333333333,1.66666666666667,0.166666666666667,1.66666666666667,0,0
Mitchell Trubisky,Chi,QB,4,34.62,0.25,75,254,588,3,2,21,0,1,0,0,0,0,0,1,0,0,0,147,0.75,0.5,5.25,0,0.25,0,0,0,0
Giovani Bernard,Cin,RB,6,34.50,0.08,259,255,0,0,0,49,0,3,14,108,0,4,0,0,1,0,0,0,0,0,8.16666666666667,0,0.5,2.33333333333333,18,0,0.666666666666667
Dare Ogunbowale,TB,RB,6,34.47,0.01,321,256,0,0,0,-1,1,1,16,130,0,3,0,0,1,0,0,0,0,0,-0.166666666666667,0.166666666666667,0.166666666666667,2.66666666666667,21.6666666666667,0,0.5
Trevor Davis,Oak,WR,4,34.37,0,353,257,0,0,0,74,1,2,5,70,0,3,1,0,0,1,0,0,0,0,18.5,0.25,0.5,1.25,17.5,0,0.75
Justice Hill,Bal,RB,6,34.27,0.07,337,258,0,0,0,78,0,3,3,19,0,1,0,0,1,0,0,0,0,0,13,0,0.5,0.5,3.16666666666667,0,0.166666666666667
Deonte Harris,NO,WR,6,34.13,0,379,259,0,0,0,10,0,1,1,-7,0,0,1,0,0,1,0,0,0,0,1.66666666666667,0,0.166666666666667,0.166666666666667,-1.16666666666667,0,0
Miles Boykin,Bal,WR,6,34.07,0.01,301,260,0,0,0,0,0,0,7,76,2,6,0,0,0,1,0,0,0,0,0,0,0,1.16666666666667,12.6666666666667,0.333333333333333,1
Tyreek Hill,KC,WR,2,33.90,1,70,261,0,0,0,5,0,0,7,96,2,4,0,0,0,1,0,0,0,0,2.5,0,0,3.5,48,1,2
Sam Darnold,NYJ,QB,2,33.62,0.17,108,262,513,3,1,1,0,1,0,0,0,0,0,1,0,0,0,256.5,1.5,0.5,0.5,0,0.5,0,0,0,0
Chester Rogers,Ind,WR,5,32.00,0,298,263,0,0,0,0,0,0,6,72,1,5,0,0,0,1,0,0,0,0,0,0,0,1.2,14.4,0.2,1
O.J. Howard,TB,TE,6,31.73,0.69,257,264,0,0,0,0,0,0,13,176,0,9,1,0,0,0,1,0,0,0,0,0,0,2.16666666666667,29.3333333333333,0,1.5
DeAndre Washington,Oak,RB,5,30.93,0,316,266,0,0,0,74,1,6,7,53,0,3,0,0,1,0,0,0,0,0,14.8,0.2,1.2,1.4,10.6,0,0.6
Foster Moreau,Oak,TE,5,30.47,0,325,268,0,0,0,0,0,0,10,97,1,6,0,0,0,0,1,0,0,0,0,0,0,2,19.4,0.2,1.2
Vernon Davis,Was,TE,4,30.20,0.09,225,269,0,0,0,0,0,0,10,123,1,4,0,0,0,0,1,0,0,0,0,0,0,2.5,30.75,0.25,1
Blake Jarwin,Dal,TE,6,29.93,0.02,267,270,0,0,0,0,0,0,10,119,1,4,0,0,0,0,1,0,0,0,0,0,0,1.66666666666667,19.8333333333333,0.166666666666667,0.666666666666667
Devin Singletary,Buf,RB,2,29.57,0.69,181,271,0,0,0,127,1,6,5,28,0,0,0,0,1,0,0,0,0,0,63.5,0.5,3,2.5,14,0,0
Golden Tate,NYG,WR,2,29.37,0.61,190,272,0,0,0,0,0,0,9,115,1,3,0,0,0,1,0,0,0,0,0,0,0,4.5,57.5,0.5,1.5
Dante Pettis,SF,WR,5,29.17,0.16,314,273,16,0,0,0,0,0,9,83,1,6,0,0,0,1,0,3.2,0,0,0,0,0,1.8,16.6,0.2,1.2
Dallas Goedert,Phi,TE,5,29.07,0.09,311,274,0,0,0,0,0,0,10,91,1,5,0,0,0,0,1,0,0,0,0,0,0,2,18.2,0.2,1
Dion Lewis,Ten,RB,6,28.57,0.18,286,276,0,0,0,55,0,3,14,61,0,2,0,0,1,0,0,0,0,0,9.16666666666667,0,0.5,2.33333333333333,10.1666666666667,0,0.333333333333333
Jarius Wright,Car,WR,6,28.20,0,279,277,0,0,0,0,0,0,12,138,0,7,0,0,0,1,0,0,0,0,0,0,0,2,23,0,1.16666666666667
Jeff Wilson Jr.,SF,RB,3,28.20,0.03,401,278,0,0,0,52,4,7,0,0,0,0,0,0,1,0,0,0,0,0,17.3333333333333,1.33333333333333,2.33333333333333,0,0,0,0
Chase Daniel,Chi,QB,2,27.64,0.02,404,280,426,3,2,6,0,2,0,0,0,0,0,1,0,0,0,213,1.5,1,3,0,1,0,0,0,0
Bennie Fowler III,NYG,WR,4,27.60,0,278,281,0,0,0,20,0,1,12,99,0,6,0,0,0,1,0,0,0,0,5,0,0.25,3,24.75,0,1.5
Maxx Williams,Ari,TE,6,27.53,0,322,282,0,0,0,0,0,0,7,98,1,6,0,0,0,0,1,0,0,0,0,0,0,1.16666666666667,16.3333333333333,0.166666666666667,1
Cordarrelle Patterson,Chi,WR,5,27.40,0,244,283,0,0,0,71,0,2,3,12,0,0,0,0,0,1,0,0,0,0,14.2,0,0.4,0.6,2.4,0,0
Hunter Renfrow,Oak,WR,5,26.73,0.02,240,285,0,0,0,0,0,0,12,101,0,8,0,0,0,1,0,0,0,0,0,0,0,2.4,20.2,0,1.6
Taysom Hill,NO,QB,6,26.72,0.01,293,286,18,0,0,60,0,3,4,30,1,3,0,1,0,0,0,3,0,0,10,0,0.5,0.666666666666667,5,0.166666666666667,0.5
Mark Walton,Mia,RB,4,26.50,0.05,277,287,0,0,0,71,0,4,8,66,0,3,0,0,1,0,0,0,0,0,17.75,0,1,2,16.5,0,0.75
Rashaad Penny,Sea,RB,3,26.47,0.45,253,288,0,0,0,98,1,2,3,34,0,1,0,0,1,0,0,0,0,0,32.6666666666667,0.333333333333333,0.666666666666667,1,11.3333333333333,0,0.333333333333333
T.J. Yeldon,Buf,RB,5,26.17,0.01,331,289,0,0,0,45,0,2,10,100,0,5,1,0,1,0,0,0,0,0,9,0,0.4,2,20,0,1
Justin Jackson,LAC,RB,3,26.07,0.07,350,290,0,0,0,142,0,5,6,13,0,0,0,0,1,0,0,0,0,0,47.3333333333333,0,1.66666666666667,2,4.33333333333333,0,0
Eli Manning,NYG,QB,2,26.04,0.01,413,291,556,2,2,8,0,1,0,0,0,0,1,1,0,0,0,278,1,1,4,0,0.5,0,0,0,0
Darren Sproles,Phi,RB,5,25.70,0.02,312,294,0,0,0,59,0,2,5,21,0,1,0,0,1,0,0,0,0,0,11.8,0,0.4,1,4.2,0,0.2
Keke Coutee,Hou,WR,5,25.60,0.16,329,295,0,0,0,10,0,1,10,129,0,5,0,0,0,1,0,0,0,0,2,0,0.2,2,25.8,0,1
Ryan Izzo,NE,TE,6,25.60,0.01,323,296,0,0,0,0,0,0,6,114,1,4,0,0,0,0,1,0,0,0,0,0,0,1,19,0.166666666666667,0.666666666666667
James Washington,Pit,WR,5,25.33,0.09,256,297,0,0,0,0,0,0,9,140,0,7,0,0,0,1,0,0,0,0,0,0,0,1.8,28,0,1.4
Mack Hollins,Phi,WR,6,25.33,0,358,298,0,0,0,0,0,0,10,125,0,7,0,0,0,1,0,0,0,0,0,0,0,1.66666666666667,20.8333333333333,0,1.16666666666667
Troymaine Pope,LAC,RB,5,25.23,0,426,299,0,0,0,20,0,0,2,14,1,1,0,0,1,0,0,0,0,0,4,0,0,0.4,2.8,0.2,0.2
Isaiah McKenzie,Buf,WR,5,25.13,0,346,300,0,0,0,14,0,1,5,101,1,3,0,0,0,1,0,0,0,0,2.8,0,0.2,1,20.2,0.2,0.6
TJ Jones,NYG,WR,3,25.13,0,415,301,0,0,0,0,0,0,3,38,1,2,0,0,0,1,0,0,0,0,0,0,0,1,12.6666666666667,0.333333333333333,0.666666666666667
Pharoh Cooper,Ari,WR,2,24.67,0,317,302,0,0,0,2,0,0,5,49,0,2,0,0,0,1,0,0,0,0,1,0,0,2.5,24.5,0,1
David Moore,Sea,WR,4,24.60,0.01,319,303,0,0,0,0,0,0,6,84,1,5,0,0,0,1,0,0,0,0,0,0,0,1.5,21,0.25,1.25
Devin Smith,Dal,WR,4,24.53,0.02,367,304,0,0,0,0,0,0,5,113,1,4,0,0,0,1,0,0,0,0,0,0,0,1.25,28.25,0.25,1
Nick Boyle,Bal,TE,6,24.33,0,284,305,0,0,0,0,0,0,11,125,0,5,0,0,0,0,1,0,0,0,0,0,0,1.83333333333333,20.8333333333333,0,0.833333333333333
Tavon Austin,Dal,WR,4,24.30,0,318,306,0,0,0,17,0,1,8,90,0,5,0,0,0,1,0,0,0,0,4.25,0,0.25,2,22.5,0,1.25
Dontrelle Inman,LAC,WR,4,23.80,0.01,419,307,0,0,0,0,0,0,8,132,0,7,0,0,0,1,0,0,0,0,0,0,0,2,33,0,1.75
Ray-Ray McCloud,Car,WR,6,23.60,0,417,308,0,0,0,0,0,0,0,0,0,0,1,0,0,1,0,0,0,0,0,0,0,0,0,0,0
Seth Roberts,Bal,WR,6,23.07,0,357,309,0,0,0,0,0,0,9,106,0,7,0,0,0,1,0,0,0,0,0,0,0,1.5,17.6666666666667,0,1.16666666666667
Damion Ratley,Cle,WR,5,23.07,0,383,310,0,0,0,0,0,0,8,103,0,7,0,0,0,1,0,0,0,0,0,0,0,1.6,20.6,0,1.4
Tre'Quan Smith,NO,WR,3,23.00,0.06,308,311,0,0,0,0,0,0,5,75,1,5,0,0,0,1,0,0,0,0,0,0,0,1.66666666666667,25,0.333333333333333,1.66666666666667
Ryan Griffin,NYJ,TE,5,23.00,0,387,312,0,0,0,0,0,0,8,45,1,4,0,0,0,0,1,0,0,0,0,0,0,1.6,9,0.2,0.8
DaeSean Hamilton,Den,WR,6,22.80,0.06,338,314,0,0,0,0,0,0,9,102,0,7,0,0,0,1,0,0,0,0,0,0,0,1.5,17,0,1.16666666666667
Ryan Switzer,Pit,WR,6,22.70,0,258,315,0,0,0,0,0,0,8,27,0,2,0,0,0,1,0,0,0,0,0,0,0,1.33333333333333,4.5,0,0.333333333333333
De'Anthony Thomas,KC,WR,5,22.40,0,424,316,0,0,0,4,0,1,1,6,0,0,0,0,0,1,0,0,0,0,0.8,0,0.2,0.2,1.2,0,0
Ryan Fitzpatrick,Mia,QB,4,22.30,0.01,466,317,435,2,4,19,0,3,0,0,0,0,0,1,0,0,0,108.75,0.5,1,4.75,0,0.75,0,0,0,0
Marcedes Lewis,GB,TE,6,21.93,0,339,318,0,0,0,0,0,0,9,119,0,5,0,0,0,0,1,0,0,0,0,0,0,1.5,19.8333333333333,0,0.833333333333333
C.J. Prosise,Sea,RB,5,21.80,0.01,340,319,0,0,0,24,1,2,9,66,0,2,1,0,1,0,0,0,0,0,4.8,0.2,0.4,1.8,13.2,0,0.4
Demaryius Thomas,NYJ,WR,3,21.20,0.04,206,320,0,0,0,0,0,0,9,108,0,5,0,0,0,1,0,0,0,0,0,0,0,3,36,0,1.66666666666667
Kenjon Barner,Atl,RB,4,21.07,0,440,321,0,0,0,0,0,0,1,4,0,0,0,0,1,0,0,0,0,0,0,0,0,0.25,1,0,0
Jakobi Meyers,NE,WR,5,21.00,0.01,384,322,0,0,0,0,0,0,8,120,0,5,0,0,0,1,0,0,0,0,0,0,0,1.6,24,0,1
Jeremy Sprinkle,Was,TE,6,20.60,0.01,341,323,0,0,0,0,0,0,9,99,0,5,0,0,0,0,1,0,0,0,0,0,0,1.5,16.5,0,0.833333333333333
Jalen Richard,Oak,RB,5,20.43,0.05,299,325,0,0,0,52,0,4,8,35,0,1,0,0,1,0,0,0,0,0,10.4,0,0.8,1.6,7,0,0.2
Drew Brees,NO,QB,2,20.32,0.79,151,326,408,2,2,0,0,0,0,0,0,0,0,1,0,0,0,204,1,1,0,0,0,0,0,0,0
Antonio Brown,NE,WR,1,20.23,0.34,427,327,0,0,0,5,0,1,4,56,1,3,0,0,0,1,0,0,0,0,5,0,1,4,56,1,3
Diontae Spencer,Den,WR,6,20.23,0,429,328,0,0,0,9,0,0,1,8,0,0,0,0,0,1,0,0,0,0,1.5,0,0,0.166666666666667,1.33333333333333,0,0
Benny Snell Jr.,Pit,RB,6,19.43,0.02,441,329,0,0,0,105,0,7,1,14,0,0,0,0,1,0,0,0,0,0,17.5,0,1.16666666666667,0.166666666666667,2.33333333333333,0,0
Allen Lazard,GB,WR,6,19.33,0.02,805,330,0,0,0,0,0,0,4,65,1,3,0,0,0,1,0,0,0,0,0,0,0,0.666666666666667,10.8333333333333,0.166666666666667,0.5
Olabisi Johnson,Min,WR,6,19.27,0,296,331,0,0,0,0,0,0,9,94,0,4,0,0,0,1,0,0,0,0,0,0,0,1.5,15.6666666666667,0,0.666666666666667
C.J. Uzomah,Cin,TE,6,19.20,0.01,315,332,0,0,0,0,0,0,8,108,0,4,0,0,0,0,1,0,0,0,0,0,0,1.33333333333333,18,0,0.666666666666667
Ryquell Armstead,Jax,RB,6,18.83,0.01,375,333,0,0,0,49,0,2,2,14,1,1,0,0,1,0,0,0,0,0,8.16666666666667,0,0.333333333333333,0.333333333333333,2.33333333333333,0.166666666666667,0.166666666666667
Trey Burton,Chi,TE,4,18.80,0.25,287,334,0,0,0,0,0,0,11,57,0,4,0,0,0,0,1,0,0,0,0,0,0,2.75,14.25,0,1
Andre Roberts,Buf,WR,3,18.70,0,255,335,0,0,0,7,0,0,1,6,0,0,0,0,0,1,0,0,0,0,2.33333333333333,0,0,0.333333333333333,2,0,0
Jordan Wilkins,Ind,RB,5,18.50,0.02,349,336,0,0,0,125,0,2,2,15,0,1,0,0,1,0,0,0,0,0,25,0,0.4,0.4,3,0,0.2
Anthony Miller,Chi,WR,5,18.33,0.12,223,337,0,0,0,0,0,0,8,80,0,5,0,0,0,1,0,0,0,0,0,0,0,1.6,16,0,1
Geoff Swaim,Jax,TE,6,18.33,0.01,297,338,0,0,0,0,0,0,13,65,0,1,0,0,0,0,1,0,0,0,0,0,0,2.16666666666667,10.8333333333333,0,0.166666666666667
Josh Hill,NO,TE,6,18.20,0,385,339,0,0,0,0,0,0,9,78,0,4,0,0,0,0,1,0,0,0,0,0,0,1.5,13,0,0.666666666666667
JoJo Natson,LAR,WR,6,18.10,0,377,340,0,0,0,0,0,0,0,0,0,0,0,0,0,1,0,0,0,0,0,0,0,0,0,0,0
Jonnu Smith,Ten,TE,6,18.07,0,344,341,0,0,0,10,0,1,6,97,0,2,0,0,0,0,1,0,0,0,1.66666666666667,0,0.166666666666667,1,16.1666666666667,0,0.333333333333333
Josh Rosen,Mia,QB,5,17.98,0.03,141,342,567,1,5,13,0,0,0,0,0,0,0,1,0,0,0,113.4,0.2,1,2.6,0,0,0,0,0,0
Gunner Olszewski,NE,WR,6,17.97,0,386,343,0,0,0,0,0,0,2,34,0,1,1,0,0,1,0,0,0,0,0,0,0,0.333333333333333,5.66666666666667,0,0.166666666666667
Cody Latimer,NYG,WR,5,17.93,0,327,344,0,0,0,0,0,0,6,104,0,5,0,0,0,1,0,0,0,0,0,0,0,1.2,20.8,0,1
Mike Gesicki,Mia,TE,5,17.80,0.01,303,345,0,0,0,0,0,0,9,102,0,2,0,0,0,0,1,0,0,0,0,0,0,1.8,20.4,0,0.4
Kyle Rudolph,Min,TE,6,17.80,0.29,359,346,0,0,0,0,0,0,9,72,0,4,0,0,0,0,1,0,0,0,0,0,0,1.5,12,0,0.666666666666667
J.D. McKissic,Det,RB,5,17.80,0,272,347,0,0,0,80,0,2,5,42,0,0,0,0,1,0,0,0,0,0,16,0,0.4,1,8.4,0,0
Kalen Ballage,Mia,RB,5,17.53,0.1,354,348,0,0,0,36,1,3,3,29,0,2,0,0,1,0,0,0,0,0,7.2,0.2,0.6,0.6,5.8,0,0.4
Damion Willis,Cin,WR,6,17.47,0,336,349,0,0,0,0,0,0,9,82,0,3,0,0,0,1,0,0,0,0,0,0,0,1.5,13.6666666666667,0,0.5
David Njoku,Cle,TE,2,17.47,0.24,320,350,0,0,0,0,0,0,4,37,1,3,0,0,0,0,1,0,0,0,0,0,0,2,18.5,0.5,1.5
D'Ernest Johnson,Cle,RB,6,17.43,0,414,351,0,0,0,21,0,0,6,71,0,1,0,0,1,0,0,0,0,0,3.5,0,0,1,11.8333333333333,0,0.166666666666667
Irv Smith Jr.,Min,TE,6,17.20,0.01,333,352,0,0,0,0,0,0,7,93,0,4,0,0,0,0,1,0,0,0,0,0,0,1.16666666666667,15.5,0,0.666666666666667
Rhett Ellison,NYG,TE,6,17.07,0.01,360,353,0,0,0,0,0,0,10,76,0,2,0,0,0,0,1,0,0,0,0,0,0,1.66666666666667,12.6666666666667,0,0.333333333333333
Duke Williams,Buf,WR,1,16.93,0.01,281,354,0,0,0,0,0,0,4,29,1,3,0,0,0,1,0,0,0,0,0,0,0,4,29,1,3
Cam Newton,Car,QB,2,16.68,0.46,96,355,572,0,1,-2,0,0,0,0,0,0,2,1,0,0,0,286,0,0.5,-1,0,0,0,0,0,0
Dwayne Harris,Oak,WR,2,16.57,0,269,356,0,0,0,0,0,0,1,7,0,0,0,0,0,1,0,0,0,0,0,0,0,0.5,3.5,0,0
Tajae Sharpe,Ten,WR,6,16.07,0,324,357,0,0,0,0,0,0,5,106,0,4,0,0,0,1,0,0,0,0,0,0,0,0.833333333333333,17.6666666666667,0,0.666666666666667
Kyle Juszczyk,SF,RB,4,15.67,0,347,358,0,0,0,6,0,0,6,76,0,4,0,0,1,0,0,0,0,0,1.5,0,0,1.5,19,0,1
Zay Jones,Oak,WR,5,15.60,0.04,246,359,0,0,0,0,0,0,7,69,0,4,0,0,0,1,0,0,0,0,0,0,0,1.4,13.8,0,0.8
Vyncint Smith,NYJ,WR,2,15.53,0,406,360,0,0,0,19,1,1,1,5,0,0,0,0,0,1,0,0,0,0,9.5,0.5,0.5,0.5,2.5,0,0
J.J. Nelson,Oak,WR,2,15.40,0,447,361,0,0,0,0,0,0,4,36,1,1,0,0,0,1,0,0,0,0,0,0,0,2,18,0.5,0.5
Melvin Gordon III,LAC,RB,2,15.37,0.97,146,362,0,0,0,49,0,0,7,37,0,1,0,0,1,0,0,0,0,0,24.5,0,0,3.5,18.5,0,0.5
Charles Clay,Ari,TE,6,14.87,0,370,365,0,0,0,0,0,0,7,58,0,4,0,0,0,0,1,0,0,0,0,0,0,1.16666666666667,9.66666666666667,0,0.666666666666667
Kendrick Bourne,SF,WR,5,14.67,0,300,366,0,0,0,0,0,0,6,70,0,4,0,0,0,1,0,0,0,0,0,0,0,1.2,14,0,0.8
Chad Beebe,Min,WR,3,14.57,0,452,367,0,0,0,0,0,0,2,70,0,2,0,0,0,1,0,0,0,0,0,0,0,0.666666666666667,23.3333333333333,0,0.666666666666667
Reggie Bonnafon,Car,RB,6,14.50,0.11,362,368,0,0,0,85,1,2,0,0,0,0,0,0,1,0,0,0,0,0,14.1666666666667,0.166666666666667,0.333333333333333,0,0,0,0
Jeff Heuerman,Den,TE,6,14.47,0,335,369,0,0,0,0,0,0,7,67,0,3,0,0,0,0,1,0,0,0,0,0,0,1.16666666666667,11.1666666666667,0,0.5
Demetrius Harris,Cle,TE,6,14.40,0,343,370,0,0,0,0,0,0,3,6,1,1,0,0,0,0,1,0,0,0,0,0,0,0.5,1,0.166666666666667,0.166666666666667
Jon Hilliman,NYG,RB,3,14.17,0.09,483,371,0,0,0,91,0,6,3,1,0,0,2,0,1,0,0,0,0,0,30.3333333333333,0,2,1,0.333333333333333,0,0
Ameer Abdullah,Min,RB,6,14.13,0.01,182,372,0,0,0,34,0,1,2,14,0,1,0,0,1,0,0,0,0,0,5.66666666666667,0,0.166666666666667,0.333333333333333,2.33333333333333,0,0.166666666666667
Devlin Hodges,Pit,QB,2,13.80,0.02,430,373,200,1,1,28,0,1,0,0,0,0,0,1,0,0,0,100,0.5,0.5,14,0,0.5,0,0,0,0
Nick Vannett,Pit,TE,6,13.73,0.01,295,374,0,0,0,0,0,0,7,71,0,2,0,0,0,0,1,0,0,0,0,0,0,1.16666666666667,11.8333333333333,0,0.333333333333333
Ty Johnson,Det,RB,5,13.37,0.01,392,375,0,0,0,54,0,2,4,7,0,0,0,0,1,0,0,0,0,0,10.8,0,0.4,0.8,1.4,0,0
DeAndre Carter,Hou,WR,6,13.23,0,254,376,0,0,0,0,0,0,1,-1,0,0,1,0,0,1,0,0,0,0,0,0,0,0.166666666666667,-0.166666666666667,0,0
Lee Smith,Buf,TE,5,13.07,0,416,377,0,0,0,0,0,0,2,16,1,2,0,0,0,0,1,0,0,0,0,0,0,0.4,3.2,0.2,0.4
Marvin Hall,Det,WR,3,13.00,0,366,378,0,0,0,0,0,0,3,105,0,3,0,0,0,1,0,0,0,0,0,0,0,1,35,0,1
Darius Jennings,Ten,WR,6,12.93,0,305,380,0,0,0,0,0,0,2,17,0,2,0,0,0,1,0,0,0,0,0,0,0,0.333333333333333,2.83333333333333,0,0.333333333333333
Malik Turner,Sea,WR,6,12.87,0,310,381,0,0,0,0,0,0,5,73,0,3,0,0,0,1,0,0,0,0,0,0,0,0.833333333333333,12.1666666666667,0,0.5
Kelvin Harmon,Was,WR,6,12.80,0,436,382,0,0,0,0,0,0,6,57,0,3,0,0,0,1,0,0,0,0,0,0,0,1,9.5,0,0.5
Ben Roethlisberger,Pit,QB,2,12.74,0.11,458,383,351,0,1,7,0,0,0,0,0,0,0,1,0,0,0,175.5,0,0.5,3.5,0,0,0,0,0,0
Patrick Ricard,Bal,RB,6,12.67,0,450,384,0,0,0,0,0,0,3,10,1,1,0,0,1,0,0,0,0,0,0,0,0,0.5,1.66666666666667,0.166666666666667,0.166666666666667
Jesse James,Det,TE,5,12.60,0.01,361,385,0,0,0,0,0,0,6,54,0,3,0,0,0,0,1,0,0,0,0,0,0,1.2,10.8,0,0.6
Ty Montgomery,NYJ,RB,5,12.23,0.04,393,386,0,0,0,31,0,1,6,32,0,0,0,0,1,0,0,0,0,0,6.2,0,0.2,1.2,6.4,0,0
Andy Isabella,Ari,WR,5,12.10,0.01,433,387,0,0,0,16,0,0,0,0,0,0,0,0,0,1,0,0,0,0,3.2,0,0,0,0,0,0
Luke Willson,Sea,TE,3,11.47,0.01,332,388,0,0,0,0,0,0,5,52,0,3,0,0,0,0,1,0,0,0,0,0,0,1.66666666666667,17.3333333333333,0,1
Justin Hardy,Atl,WR,6,11.47,0,369,389,0,0,0,0,0,0,6,52,0,2,0,0,0,1,0,0,0,0,0,0,0,1,8.66666666666667,0,0.333333333333333
Robert Tonyan,GB,TE,5,11.40,0,378,390,0,0,0,0,0,0,4,66,0,3,0,0,0,0,1,0,0,0,0,0,0,0.8,13.2,0,0.6