l_name,l_team,l_pos,l_proj,l_actual,l_points1,l_points2,l_points3,l_points4,l_points5,l_points6,l_points7,l_points8,l_ppgcurrent,l_pointspg18,l_passydpg18,l_passtdpg18,l_passintpg18,l_rushydpg18,l_rushtdpg18,l_rush1stpg18,l_touchdown18,l_runnerQB18,l_pointspg17,l_passydpg17,l_passtdpg17,l_passintpg17,l_rushydpg17,l_rushtdpg17,l_rush1stpg17,l_2ptpg17,l_fumblepg17,l_touchdown17,l_runnerQB17,l_receptspg18,l_recydspg18,l_rectdpg18,l_rec1stpg18,l_ppr18
Patrick Mahomes,KC,QB,4,29,27.32,31.62,28.86,22.0,19.54,18.82,8.24,0.0,19.55,26.9425,318.5625,3.125,0.75,17.0,0.125,1.125,10.563,333.0625,16.55196005,232.5347053,1.542350088,0.833928571,13.58333673,0.10355447,0.932310745,0.078067766,0.178512074,2.968417476,384.3564906,0.0,0.0,0.0,0.0,0.0
Matt Ryan,Atl,QB,54,65,19.56,19.1,22.46,16.68,30.9,30.94,2.56,0.0,17.775,22.924375,307.75,2.1875,0.4375,7.8125,0.1875,0.9375,5.6406,79.8789,14.94375,255.9375,1.25,0.75,8.9375,0.0,0.6875,0.0,0.1875,1.5625,92.640625,0.0,0.0,0.0,0.0,0.0
Cam Newton,Car,QB,10,238,5.36,11.32,0.0,0.0,0.0,0.0,2.78,0.0,2.4325,22.1857142857143,242.5,1.71428571428571,0.928571428571429,34.8571428571429,0.285714285714286,2.57142857142857,3.99999999999998,1422.36734693878,20.8425,206.375,1.375,1.0,47.125,0.375,2.875,0.0625,0.0625,3.0625,2537.640625,0.0,0.0,0.0,0.0,0.0
Deshaun Watson,Hou,QB,5,17,30.72,11.86,26.84,11.6,44.74,28.4,16.52,31.76,25.305,22.16875,260.3125,1.625,0.5625,34.4375,0.3125,2.0625,3.75390625,1355.1602,25.55142857,242.7142857,2.714285714,1.142857143,38.42857143,0.285714286,2.0,0.285714286,0.142857143,9.0,1657.65306136408,0.0,0.0,0.0,0.0,0.0
Ben Roethlisberger,Pit,QB,58,170,9.74,3.0,0.0,0.0,0.0,0.0,2.12333333333333,0.0,1.85791666666667,21.805625,320.5625,2.125,1.0,6.125,0.1875,0.8125,5.34765625,50.765625,17.78266667,283.4,1.866666667,0.933333333,3.133333333,0.0,0.4,0.133333333,0.066666667,3.48444444568889,12.4844444420889,0.0,0.0,0.0,0.0,0.0
Ryan Fitzpatrick,Mia,QB,103,153,11.2,-0.84,1.16,0.0,2.88,10.78,20.58,12.3,7.2575,21.355,295.75,2.125,1.5,19.0,0.25,1.125,5.640625,415.140625,13.15333333,183.8333333,1.166666667,0.5,13.0,0.0,0.833333333,0.0,0.0,1.36111111188889,191.361111101889,0.0,0.0,0.0,0.0,0.0
Aaron Rodgers,GB,QB,25,139,12.92,14.36,13.3,28.48,9.42,19.32,42.76,28.1,21.0825,20.53625,277.625,1.5625,0.125,16.8125,0.125,1.25,2.84765625,330.78515625,19.94285714,239.2857143,2.285714286,0.857142857,18.0,0.0,1.428571429,0.0,0.142857143,5.22448979722449,377.469387771755,0.0,0.0,0.0,0.0,0.0
Drew Brees,NO,QB,36,58,20.8,-0.48,0.0,0.0,0.0,0.0,0.0,24.92,5.655,20.53,266.133333333333,2.13333333333333,0.333333333333333,1.46666666666667,0.266666666666667,0.733333333333333,5.75999999999998,6.08444444444446,16.5975,270.875,1.4375,0.5,0.75,0.125,0.4375,0.0,0.0,2.44140625,1.72265625,0.0,0.0,0.0,0.0,0.0
Mitchell Trubisky,Chi,QB,30,178,9.22,5.6,19.44,0.36,0.0,6.924,20.04,8.12,8.713,20.43,230.214285714286,1.71428571428571,0.857142857142857,30.0714285714286,0.214285714285714,2.07142857142857,3.71938775510202,1046.98469387755,11.87666667,182.75,0.583333333,0.583333333,20.66666667,0.166666667,1.0,0.083333333,0.25,0.5625,476.694444604556,0.0,0.0,0.0,0.0,0.0
Russell Wilson,Sea,QB,17,91,16.6,25.2,41.34,14.3,31.92,28.9,16.34,15.68,23.785,20.174375,215.5,2.1875,0.4375,23.5,0.0,1.4375,4.78515625,621.87890625,23.5575,248.9375,2.125,0.6875,36.625,0.1875,2.1875,0.125,0.1875,5.34765625,1521.0,0.0,0.0,0.0,0.0,0.0
Jared Goff,LAR,QB,37,175,9.44,18.12,14.12,20.68,17.9,1.12,25.02,22.88,16.16,19.7075,293.0,2.0,0.75,6.75,0.125,0.5625,4.515625,55.31640625,17.084,253.6,1.866666667,0.466666667,3.4,0.066666667,0.2,0.0,0.2,3.73777778035556,13.4444444468889,0.0,0.0,0.0,0.0,0.0
Jameis Winston,TB,QB,26,196,8.06,14.22,25.5,29.3,17.46,12.1,17.7733333333333,22.34,18.3441666666667,19.3436363636364,272.0,1.72727272727273,1.27272727272727,25.5454545454545,0.0909090909090909,1.72727272727273,3.30578512396695,748.76859504132,15.89692308,269.5384615,1.461538462,0.846153846,10.38461538,0.076923077,0.538461538,0.076923077,0.538461538,2.36686390698225,120.99999989,0.0,0.0,0.0,0.0,0.0
Dak Prescott,Dal,QB,28,7,35.4,30.66,21.54,8.62,25.22,17.22,20.56,22.7457142857143,22.7457142857143,18.68125,242.8125,1.375,0.5,19.0625,0.375,1.5625,3.063,441.0,17.35375,207.75,1.375,0.8125,22.3125,0.375,1.8125,0.0,0.1875,3.0625,600.25,0.0,0.0,0.0,0.0,0.0
Carson Wentz,Phi,QB,32,27,28.02,17.54,22.66,21.7,12.06,21.54,7.84,17.38,18.5925,18.5027272727273,279.454545454545,1.90909090909091,0.636363636363636,8.45454545454545,0.0,0.818181818181818,3.64462809917356,85.9834710743801,23.67230769,253.5384615,2.538461538,0.538461538,23.0,0.0,2.0,0.307692308,0.230769231,6.44378697990533,625.0,0.0,0.0,0.0,0.0,0.0
Kirk Cousins,Min,QB,47,103,15.32,9.9,13.56,7.32,20.54,27.32,29.22,12.6,16.9725,18.321875,268.625,1.875,0.625,7.6875,0.0625,0.75,3.75390625,72.25,17.91375,255.8125,1.6875,0.8125,11.1875,0.25,1.0625,0.0,0.3125,3.75390625,156.25,0.0,0.0,0.0,0.0,0.0
Tom Brady,NE,QB,33,39,25.64,23.66,20.14,3.7,23.92,20.96,11.96,18.36,18.5425,17.94375,272.1875,1.8125,0.6875,2.1875,0.125,0.625,3.75390625,8.62890625,18.93,286.0625,2.0,0.5,1.75,0.0,0.4375,0.125,0.1875,4.0,4.78515625,0.0,0.0,0.0,0.0,0.0
Philip Rivers,LAC,QB,51,45,24.92,11.92,19.62,20.4,4.14,14.8,21.16,10.04,15.875,17.87625,269.25,2.0,0.75,0.4375,0.0,0.0625,4.0,0.25,16.9625,282.1875,1.75,0.625,-0.125,0.0,0.0625,0.0,0.0625,3.0625,0.00390625,0.0,0.0,0.0,0.0,0.0
Baker Mayfield,Cle,QB,14,177,9.4,15.0,9.7,16.78,-2.0,20.46,11.5566666666667,11.56,11.5570833333333,17.7214285714286,266.071428571429,1.92857142857143,1.0,9.35714285714286,0.0,0.571428571428571,3.71938775510205,98.5765306122449,16.55196005,232.5347053,1.542350088,0.833928571,13.58333673,0.10355447,0.932310745,0.078067766,0.178512074,2.968417476,384.3564906,0.0,0.0,0.0,0.0,0.0
Nick Foles,Jax,QB,76,210,7.0,0.0,0.0,0.0,0.0,0.0,0.0,0.0,0.875,16.578,282.6,1.4,0.8,3.4,0.0,1.2,1.96,21.16,4.968571429,76.71428571,0.714285714,0.285714286,0.428571429,0.0,0.142857143,0.0,0.285714286,0.51020408122449,0.326530612897959,0.0,0.0,0.0,0.0,0.0
Joe Flacco,Den,QB,107,113,14.82,15.68,7.02,22.02,8.98,4.98,6.52,8.86,11.11,16.3444444444444,273.888888888889,1.33333333333333,0.666666666666667,5.0,0.0,1.11111111111111,1.77777777777777,37.3456790123457,11.6275,196.3125,1.125,0.8125,3.375,0.0625,0.1875,0.0625,0.0,1.41015625,13.140625,0.0,0.0,0.0,0.0,0.0
Andy Dalton,Cin,QB,84,59,20.72,18.64,15.1,4.64,19.98,12.6,19.34,18.29,16.16375,16.2309090909091,233.272727272727,1.90909090909091,1.0,9.0,0.0,0.363636363636364,3.64462809917356,87.6776859504132,13.73125,207.5,1.5625,0.75,6.1875,0.0,0.5625,0.0,0.25,2.44140625,45.5625,0.0,0.0,0.0,0.0,0.0
Eli Manning,NYG,QB,124,112,14.84,11.2,0.0,0.0,0.0,0.0,0.0,0.0,3.255,15.185,268.6875,1.3125,0.6875,1.25,0.0625,0.3125,1.8906,2.640625,12.488,231.2,1.266666667,0.866666667,1.733333333,0.066666667,0.133333333,0.0,0.333333333,1.77777777955556,3.73777777648889,0.0,0.0,0.0,0.0,0.0
Marcus Mariota,Ten,QB,74,43,25.32,14.36,17.56,24.28,8.62,-1.08,0.0,0.0,11.1325,14.1585714285714,180.571428571429,0.785714285714286,0.571428571428571,25.5,0.142857142857143,1.85714285714286,0.862244897959185,756.25,14.832,215.4666667,0.866666667,1.0,20.8,0.333333333,1.466666667,0.0,0.066666667,1.44,510.76,0.0,0.0,0.0,0.0,0.0
Sam Darnold,NYJ,QB,78,134,13.0,0.0,0.0,0.0,0.0,20.62,-6.66,12.62,4.9475,14.0307692307692,220.384615384615,1.30769230769231,1.15384615384615,10.6153846153846,0.0769230769230769,1.23076923076923,1.91715976331362,142.159763313609,16.55196005,232.5347053,1.542350088,0.833928571,13.58333673,0.10355447,0.932310745,0.078067766,0.178512074,2.968417476,384.3564906,0.0,0.0,0.0,0.0,0.0
Matthew Stafford,Det,QB,79,21,29.6,16.1,12.14,24.44,20.57,12.5,28.56,3.38,18.41125,13.76125,236.0625,1.3125,0.6875,4.4375,0.0,0.5,1.72265625,24.37890625,17.665,277.875,1.8125,0.625,6.125,0.0,0.5625,0.125,0.4375,3.28515625,44.72265625,0.0,0.0,0.0,0.0,0.0
Derek Carr,Oak,QB,80,120,14.56,10.72,15.68,13.46,7.96,12.476,15.72,23.4,14.247,13.75375,253.0625,1.1875,0.625,2.9375,0.0625,0.3125,1.5625,10.9727,14.096,233.0666667,1.466666667,0.866666667,4.4,0.0,0.333333333,0.133333333,0.2,2.15111111208889,22.4044444412889,0.0,0.0,0.0,0.0,0.0
Lamar Jackson,Bal,QB,12,10,33.56,36.88,22.28,29.48,15.44,34.64,27.32,28.5142857142857,28.5142857142857,12.03375,75.0625,0.375,0.1875,43.4375,0.3125,2.8125,0.47265625,2168.0664,16.55196005,232.5347053,1.542350088,0.833928571,13.58333673,0.10355447,0.932310745,0.078067766,0.178512074,2.968417476,384.3564906,0.0,0.0,0.0,0.0,0.0
Taysom Hill,NO,QB,317,152,11.4,4.07,2.83,2.6,3.12,2.7,13.37,18.2,7.28625,4.951875,4.0,0.0,0.0625,12.25,0.125,0.9375,0.015625,177.22265625,16.55196005,232.5347053,1.542350088,0.833928571,13.58333673,0.10355447,0.932310745,0.078067766,0.178512074,2.968417476,384.3564906,0.0,0.0,0.0,0.0,0.0
Kyler Murray,Ari,QB,55,56,21.62,16.36,22.82,16.34,27.42,31.8,8.96,10.1,19.4275,18.0064044888643,247.353705471116,1.64464895223824,0.699824282859997,13.8711701988488,0.125530570619856,1.12297261270476,3.48711158112745,378.598451705896,16.5796269581786,232.978800068214,1.57176319603571,0.747558542571429,13.19792054375,0.103169394535714,0.92903966075,0.0682381607142857,0.186603084928571,3.08328006696123,391.137030337569,0.0,0.0,0.0,0.0,0.0
Jacoby Brissett,Ind,QB,100,79,17.5,19.34,21.8,23.5,11.94,18.816,27.64,10.48,18.877,18.00640449,247.3537055,1.644648952,0.6998242829,13.8711702,0.1255305706,1.122972613,3.487111581,378.5984517,16.57962696,232.9788001,1.571763196,0.7475585426,13.19792054,0.1031693945,0.9290396608,0.06823816071,0.1866030849,3.083280067,391.1370303,0.0,0.0,0.0,0.0,0.0
Josh Allen,Buf,QB,68,87,16.96,21.22,21.32,8.72,19.46,17.536,23.28,20.26,18.5945,18.00640449,247.3537055,1.644648952,0.6998242829,13.8711702,0.1255305706,1.122972613,3.487111581,378.5984517,16.57962696,232.9788001,1.571763196,0.7475585426,13.19792054,0.1031693945,0.9290396608,0.06823816071,0.1866030849,3.083280067,391.1370303,0.0,0.0,0.0,0.0,0.0
Gardner Minshew II,Jax,QB,914,77,17.6,18.12,17.96,16.72,23.16,4.62,23.0,26.96,18.5175,18.00640449,247.3537055,1.644648952,0.6998242829,13.8711702,0.1255305706,1.122972613,3.487111581,378.5984517,16.57962696,232.9788001,1.571763196,0.7475585426,13.19792054,0.1031693945,0.9290396608,0.06823816071,0.1866030849,3.083280067,391.1370303,0.0,0.0,0.0,0.0,0.0
Jimmy Garoppolo,SF,QB,48,164,10.44,23.64,11.38,15.1533333333333,14.94,12.12,8.04,13.0,13.5891666666667,18.00640449,247.3537055,1.644648952,0.6998242829,13.8711702,0.1255305706,1.122972613,3.487111581,378.5984517,16.57962696,232.9788001,1.571763196,0.7475585426,13.19792054,0.1031693945,0.9290396608,0.06823816071,0.1866030849,3.083280067,391.1370303,0.0,0.0,0.0,0.0,0.0
Case Keenum,Was,QB,120,30,27.2,16.74,12.58,-0.52,0.0,15.64,3.08,3.2,9.74,18.00640449,247.3537055,1.644648952,0.6998242829,13.8711702,0.1255305706,1.122972613,3.487111581,378.5984517,16.57962696,232.9788001,1.571763196,0.7475585426,13.19792054,0.1031693945,0.9290396608,0.06823816071,0.1866030849,3.083280067,391.1370303,0.0,0.0,0.0,0.0,0.0
Robert Griffin III,Bal,QB,543,207,7.1,7.1,0.0,0.0,0.0,0.0,0.0,2.02857142857143,2.02857142857143,18.00640449,247.3537055,1.644648952,0.6998242829,13.8711702,0.1255305706,1.122972613,3.487111581,378.5984517,16.57962696,232.9788001,1.571763196,0.7475585426,13.19792054,0.1031693945,0.9290396608,0.06823816071,0.1866030849,3.083280067,391.1370303,0.0,0.0,0.0,0.0,0.0
Todd Gurley II,LAR,RB,35,95,15.97,18.57,5.3,23.2,18.5,0.0,17.97,12.4,13.98875,30.1978571428571,0.0,0.0,0.0,103.571428571429,1.14285714285714,4.71428571428571,1.30612244897959,0.0,,0.0,0.0,0.0,,,,,,,0.0,3.42857142857143,31.4285714285714,0.0,1.57142857142857,11.7551020408163
Christian McCaffrey,Car,RB,3,2,46.2,10.77,29.63,38.03,53.67,22.83,33.5216666666667,29.23,32.9852083333333,28.0375,0.0,0.0,0.0,103.0,1.16666666666667,3.66666666666667,2.25000000000001,0.0,,0.0,0.0,0.0,,,,,,,0.0,5.83333333333333,50.8333333333333,0.333333333333333,3.0,34.0277777777777
Alvin Kamara,NO,RB,1,25,28.5,8.5,42.03,17.23,21.52,13.43,0.0,0.0,16.40125,27.958,0.0,0.0,0.0,0.0,0.0,0.0,0.183673469387755,0.0,,0.0,0.0,0.0,,,,,,,0.0,8.85714285714286,109.0,0.428571428571429,5.28571428571429,78.4489795918368
Saquon Barkley,NYG,RB,2,51,23.27,25.57,7.8,0.0,0.0,0.0,18.73,34.67,13.755,26.735625,0.0,0.0,0.0,35.4285714285714,0.428571428571429,2.42857142857143,1.0,0.0,,0.0,0.0,0.0,,,,,,,0.0,7.0,69.7142857142857,0.571428571428571,3.14285714285714,49.0
Ezekiel Elliott,Dal,RB,31,126,13.97,23.7,24.43,16.5,20.13,31.7,30.5,22.99,22.99,26.68,0.0,0.0,0.0,0.0,0.0,0.0,1.0,0.0,,0.0,0.0,0.0,,,,,,,0.0,7.16666666666667,110.333333333333,1.0,6.33333333333333,51.3611111111112
Davante Adams,GB,WR,16,176,9.4,21.07,10.73,29.0,0.0,0.0,0.0,0.0,8.775,24.8933333333333,0.0,0.0,0.0,7.0,0.0,0.428571428571429,0.0,0.0,,0.0,0.0,0.0,,,,,,,0.0,2.28571428571429,16.0,0.0,0.571428571428571,5.22448979591839
Tyreek Hill,KC,WR,6,260,4.57,0.0,0.0,0.0,0.0,29.33,16.93,16.57,8.425,24.625,0.0,0.0,0.0,0.0,0.0,0.0,0.0204081632653062,0.0,,0.0,0.0,0.0,,,,,,,0.0,2.0,18.5714285714286,0.142857142857143,1.14285714285714,4.0
James Conner,Pit,RB,29,156,11.03,13.1,11.23,33.73,11.5,36.3,19.4816666666667,29.83,20.7752083333333,24.4176923076923,0.0,0.0,0.0,86.0,0.857142857142857,5.0,0.73469387755102,0.0,,0.0,0.0,0.0,,,,,,,0.0,3.42857142857143,25.1428571428571,0.0,1.14285714285714,11.7551020408163
DeAndre Hopkins,Hou,WR,8,6,37.4,10.67,13.47,6.73,17.87,21.67,31.07,26.37,20.65625,24.00625,0.0,0.0,0.0,0.0,0.0,0.0,0.16,0.0,,0.0,0.0,0.0,,,,,,,0.0,1.4,28.6,0.4,1.0,2.0
Julio Jones,Atl,WR,15,63,20.07,32.07,31.53,10.57,7.8,21.2,16.2,29.13,21.07125,22.9375,0.0,0.0,0.0,17.1666666666667,0.166666666666667,1.0,0.0277777777777779,0.0,,0.0,0.0,0.0,,,,,,,0.0,1.33333333333333,10.8333333333333,0.0,0.666666666666667,1.77777777777777
Michael Thomas,NO,WR,7,48,24.2,19.93,20.6,18.33,48.13,17.93,24.73,33.57,25.9275,22.604375,0.0,0.0,0.0,11.1428571428571,0.0,0.428571428571429,0.0,0.0,,0.0,0.0,0.0,,,,,,,0.0,0.428571428571429,2.71428571428571,0.0,0.142857142857143,0.183673469387755
Odell Beckham Jr.,Cle,WR,20,114,14.73,28.73,12.73,4.33,5.5,16.73,13.7916666666667,10.47,13.3764583333333,22.1891666666667,0.0,0.0,0.0,0.0,0.0,0.0,0.0625,0.0,,0.0,0.0,0.0,,,,,,,0.0,2.5,30.75,0.25,1.0,6.3
Adam Thielen,Min,WR,27,96,15.87,12.0,21.77,2.4,38.67,20.8,11.67,0.0,15.3975,22.158125,0.0,0.0,0.0,27.4,0.0,1.2,0.0,0.0,,0.0,0.0,0.0,,,,,,,0.0,1.8,11.6,0.0,0.6,3.2
Julian Edelman,NE,WR,34,69,18.61,8.5,24.13,6.0,28.33,21.53,17.03,32.9,19.62875,21.2075,0.0,0.0,0.0,0.0,0.0,0.0,0.0,0.0,,0.0,0.0,0.0,,,,,,,0.0,1.71428571428571,21.8571428571429,0.0,1.0,2.93877551020407
Travis Kelce,KC,TE,38,161,10.87,28.13,17.93,18.67,12.67,10.87,11.93,20.2,16.40875,21.129375,0.0,0.0,0.0,0.0,0.0,0.0,0.0,0.0,,0.0,0.0,0.0,,,,,,,0.0,6.25,94.5,0.0,5.0,39.06
Joe Mixon,Cin,RB,41,286,3.47,7.37,23.27,13.27,16.37,5.93,10.33,25.33,13.1675,20.9664285714286,0.0,0.0,0.0,0.571428571428571,0.0,0.0,0.326530612244897,0.0,,0.0,0.0,0.0,,,,,,,0.0,7.28571428571429,81.7142857142857,0.571428571428571,3.57142857142857,53.0816326530613
JuJu Smith-Schuster,Pit,WR,11,104,15.2,14.6,17.4,4.0,21.0,1.47,12.28,23.87,13.73,20.773125,0.0,0.0,0.0,25.6666666666667,0.333333333333333,1.66666666666667,0.111111111111111,0.0,,0.0,0.0,0.0,,,,,,,0.0,0.166666666666667,1.66666666666667,0.0,0.0,0.027777777777778
Zach Ertz,Phi,TE,56,150,11.6,16.8,11.27,16.33,18.8,7.6,6.53,4.33,11.6575,20.220625,0.0,0.0,0.0,0.0,0.0,0.0,0.183673469387755,0.0,,0.0,0.0,0.0,,,,,,,0.0,2.57142857142857,30.5714285714286,0.428571428571429,1.85714285714286,6.61224489795918
Mike Evans,TB,WR,21,233,5.87,11.07,51.67,20.93,0.0,22.4,18.6566666666667,48.2,22.3495833333333,20.1625,0.0,0.0,0.0,0.0,0.0,0.0,0.0204081632653062,0.0,,0.0,0.0,0.0,,,,,,,0.0,1.71428571428571,17.2857142857143,0.142857142857143,1.0,2.93877551020407
Stefon Diggs,Min,WR,61,237,5.47,11.27,5.0,15.2,7.93,49.93,22.53,18.53,16.9825,20.1513333333333,0.0,0.0,0.0,0.0,0.0,0.0,0.0,0.0,,0.0,0.0,0.0,,,,,,,0.0,2.16666666666667,29.3333333333333,0.0,1.5,4.69444444444446
James White,NE,RB,73,100,15.33,15.27,0.0,0.0,16.67,16.97,12.93,10.4,10.94625,19.723125,0.0,0.0,0.0,102.142857142857,0.142857142857143,4.57142857142857,0.0204081632653062,0.0,,0.0,0.0,0.0,,,,,,,0.0,4.0,29.0,0.0,1.85714285714286,16.0
Tyler Lockett,Sea,WR,23,138,12.93,20.27,43.17,11.2,20.9,16.4,16.77,19.77,20.17625,19.614375,0.0,0.0,0.0,-0.166666666666667,0.166666666666667,0.166666666666667,0.0277777777777779,0.0,,0.0,0.0,0.0,,,,,,,0.0,2.66666666666667,21.6666666666667,0.0,0.5,7.11111111111113
Cooper Kupp,LAR,WR,128,132,13.07,17.6,39.73,28.87,30.8,5.13,11.33,36.67,22.9,19.57875,0.0,0.0,0.0,0.0,0.0,0.0,0.0,0.0,,0.0,0.0,0.0,,,,,,,0.0,1.16666666666667,10.1666666666667,0.0,0.666666666666667,1.36111111111112
Robert Woods,LAR,WR,63,70,18.27,6.1,10.47,33.93,10.2,6.6,14.93,6.0,13.3125,19.373125,0.0,0.0,0.0,51.0,0.333333333333333,2.0,0.111111111111111,0.0,,0.0,0.0,0.0,,,,,,,0.0,1.66666666666667,9.33333333333333,0.0,0.0,2.77777777777779
Tarik Cohen,Chi,RB,69,90,16.87,6.97,4.83,14.17,17.8,12.128,12.87,13.37,12.376,19.129375,0.0,0.0,0.0,-1.14285714285714,0.0,0.0,0.326530612244897,0.0,,0.0,0.0,0.0,,,,,,,0.0,5.71428571428571,73.5714285714286,0.571428571428571,3.57142857142857,32.6530612244897
T.Y. Hilton,Ind,WR,86,13,32.8,16.87,23.33,0.0,9.47,16.494,23.93,6.6,16.18675,18.8478571428571,0.0,0.0,0.0,0.0,0.0,0.0,0.020408163,0.0,,0.0,0.0,0.0,,,,,,,0.0,1.142857143,14.71428571,0.142857143,1.0,1.306122449
Keenan Allen,LAC,WR,40,23,29.2,21.53,49.5,9.2,8.2,6.2,12.07,12.53,18.55375,18.795625,0.0,0.0,0.0,18.0,1.0,2.0,0.6645371606725069,0.0,,0.0,0.0,0.0,,,,,,,0.0,0.0,0.0,0.0,0.0,0.0
Phillip Lindsay,Den,RB,85,140,12.83,15.6,29.37,8.77,27.6,16.33,6.33,15.03,16.4825,18.6246666666667,0.0,0.0,0.0,0.0,0.0,0.0,0.510204081632653,0.0,,0.0,0.0,0.0,,,,,,,0.0,5.42857142857143,88.7142857142857,0.714285714285714,3.57142857142857,29.4693877551021
David Johnson,Ari,RB,9,19,29.87,8.4,26.57,24.6,24.43,31.93,0.2,0.0,18.25,18.545625,0.0,0.0,0.0,81.2857142857143,0.285714285714286,5.14285714285714,0.326530612244899,0.0,,0.0,0.0,0.0,,,,,,,0.0,3.14285714285714,21.2857142857143,0.285714285714286,0.857142857142857,9.87755102040815
Tyler Boyd,Cin,WR,75,102,15.3,24.13,14.53,7.2,31.1,3.67,8.67,13.63,14.77875,18.2021428571429,0.0,0.0,0.0,27.0,0.0,0.666666666666667,0.111111111111111,0.0,,0.0,0.0,0.0,,,,,,,0.0,3.0,11.3333333333333,0.333333333333333,0.666666666666667,9.0
Emmanuel Sanders,SF,WR,99,54,21.73,32.53,3.67,15.93,2.6,1.0,12.0,16.67,13.26625,17.8575,0.0,0.0,0.0,47.3333333333333,0.0,1.66666666666667,0.0,0.0,,0.0,0.0,0.0,,,,,,,0.0,2.0,4.33333333333333,0.0,0.0,4.0
George Kittle,SF,TE,62,97,15.6,8.6,12.8,12.33,25.47,18.87,8.53,16.73,14.8666666666667,17.7375,0.0,0.0,0.0,0.0,0.0,0.0,0.444444444444445,0.0,,0.0,0.0,0.0,,,,,,,0.0,6.0,85.6666666666667,0.666666666666667,5.0,36.0
Marlon Mack,Ind,RB,81,9,34.4,12.9,20.33,5.9,24.27,19.56,8.2,19.53,18.13625,17.6391666666667,0.0,0.0,0.0,67.1428571428571,1.0,4.0,1.0,0.0,,0.0,0.0,0.0,,,,,,,0.0,1.71428571428571,13.7142857142857,0.0,0.857142857142857,2.93877551020407
Chris Carson,Sea,RB,57,28,27.87,13.8,5.07,27.13,30.13,29.73,15.1,19.0,20.97875,17.5692857142857,0.0,0.0,0.0,0.142857142857143,0.0,0.0,0.326530612244897,0.0,,0.0,0.0,0.0,,,,,,,0.0,5.71428571428571,80.0,0.571428571428571,4.28571428571429,32.6530612244897
Leonard Fournette,Jax,RB,39,99,15.47,16.37,17.33,35.83,28.73,21.27,25.03,22.6,22.82875,17.40375,0.0,0.0,0.0,0.0,0.0,0.0,0.444444444444445,0.0,,0.0,0.0,0.0,,,,,,,0.0,4.16666666666667,64.1666666666667,0.666666666666667,3.66666666666667,17.3611111111111
Will Fuller V,Hou,WR,117,188,8.6,8.67,12.4,5.53,59.47,9.93,1.4,0.0,13.25,17.2185714285714,0.0,0.0,0.0,0.0,0.0,0.0,0.0,0.0,,0.0,0.0,0.0,,,,,,,0.0,1.5,10.0,0.0,0.0,2.3
Kerryon Johnson,Det,RB,46,163,10.77,22.23,13.07,22.63,17.175,14.2,2.3,0.0,12.796875,17.13,0.0,0.0,0.0,42.0,0.0,2.28571428571429,0.183673469387755,0.0,,0.0,0.0,0.0,,,,,,,0.0,3.85714285714286,29.8571428571429,0.428571428571429,1.14285714285714,14.8775510204082
Brandin Cooks,LAR,WR,64,216,6.6,19.13,24.27,14.73,7.63,6.6,10.93,0.0,11.23625,17.004375,0.0,0.0,0.0,0.0,0.0,0.0,0.0204081632653062,0.0,,0.0,0.0,0.0,,,,,,,0.0,1.71428571428571,15.5714285714286,0.142857142857143,0.428571428571429,2.93877551020407
Aaron Jones,GB,RB,65,232,5.9,28.87,15.17,17.57,51.7,8.57,24.2,47.3,24.91,16.9608333333333,0.0,0.0,0.0,72.2857142857143,0.714285714285714,4.0,0.73469387755102,0.0,,0.0,0.0,0.0,,,,,,,0.0,1.0,17.1428571428571,0.142857142857143,0.285714285714286,1.0
Alshon Jeffery,Phi,WR,88,41,25.47,0.0,0.0,16.53,12.47,30.07,6.53,12.27,12.9175,16.7076923076923,0.0,0.0,0.0,9.0,0.0,0.4,0.0,0.0,,0.0,0.0,0.0,,,,,,,0.0,2.0,20.0,0.0,1.0,4.0
Amari Cooper,Dal,WR,49,36,26.07,16.93,32.87,10.2,41.07,1.2,16.07,20.63,20.63,16.6666666666667,0.0,0.0,0.0,8.14285714285714,0.0,0.428571428571429,0.0,0.0,,0.0,0.0,0.0,,,,,,,0.0,2.0,8.71428571428571,0.0,0.285714285714286,4.0
Dalvin Cook,Min,RB,13,34,26.7,30.87,27.2,19.83,29.93,16.97,33.67,32.67,27.23,16.2572727272727,0.0,0.0,0.0,61.8571428571429,0.571428571428571,2.85714285714286,0.326530612244897,0.0,,0.0,0.0,0.0,,,,,,,0.0,2.85714285714286,20.4285714285714,0.0,1.14285714285714,8.16326530612247
Kenyan Drake,Mia,RB,126,240,5.2,9.83,11.07,12.33,0.0,15.5,8.57,0.0,7.8125,16.225,0.0,0.0,0.0,0.0,0.0,0.0,0.326530612244897,0.0,,0.0,0.0,0.0,,,,,,,0.0,6.57142857142857,75.1428571428571,0.571428571428571,3.71428571428571,43.1836734693877
Kenny Golladay,Det,WR,66,76,17.8,30.8,4.13,30.47,20.8,18.07,3.4,33.2,19.83375,15.8446666666667,0.0,0.0,0.0,1.42857142857143,0.0,0.142857142857143,0.0,0.0,,0.0,0.0,0.0,,,,,,,0.0,1.28571428571429,23.0,0.0,0.571428571428571,1.65306122448981
Calvin Ridley,Atl,WR,98,62,20.27,29.0,2.4,6.13,22.87,18.2,8.0,14.67,15.1925,15.276875,0.0,0.0,0.0,0.0,0.0,0.0,0.0,0.0,,0.0,0.0,0.0,,,,,,,0.0,1.71428571428571,20.7142857142857,0.0,0.857142857142857,2.93877551020407
Jakeem Grant,Mia,WR,93,253,4.7,9.47,9.9,13.4,9.3675,0.0,0.0,14.43,7.6584375,15.267,0.0,0.0,0.0,0.0,0.0,0.0,0.0,0.0,,0.0,0.0,0.0,,,,,,,0.0,0.6,10.0,0.0,0.6,0.4
Marvin Jones Jr.,Det,WR,106,154,11.13,9.87,25.73,11.13,14.465,4.13,55.2,5.47,17.140625,15.0966666666667,0.0,0.0,0.0,18.0,0.0,0.0,0.0,0.0,,0.0,0.0,0.0,,,,,,,0.0,3.0,20.0,0.0,1.0,9.0
Jarvis Landry,Cle,WR,90,143,12.47,10.93,10.13,24.13,13.0,6.9,12.9266666666667,13.33,12.9770833333333,14.986875,0.0,0.0,0.0,0.0,0.0,0.0,0.0,0.0,,0.0,0.0,0.0,,,,,,,0.0,0.2,0.8,0.0,0.0,0.0
Tevin Coleman,SF,RB,83,190,8.5,0.0,0.0,13.18,18.7,15.57,10.13,39.37,13.18125,14.8375,0.0,0.0,0.142857142857143,0.0,0.0,0.0,0.183673469387755,0.0,,0.0,0.0,0.0,,,,,,,0.0,7.0,72.5714285714286,0.428571428571429,4.57142857142857,49.0
Dede Westbrook,Jax,WR,67,84,17.2,1.5,10.57,12.9,18.17,9.53,20.77,2.2,11.605,14.80625,0.0,0.0,0.0,18.1666666666667,0.0,0.5,0.0,0.0,,0.0,0.0,0.0,,,,,,,0.0,1.16666666666667,12.1666666666667,0.0,0.166666666666667,1.36111111111112
Sony Michel,NE,RB,113,265,4.4,17.3,6.1,8.3,24.23,17.4,23.67,12.4,14.225,14.6253846153846,0.0,0.0,0.0,0.666666666666667,0.0,0.0,0.694444444444444,0.0,,0.0,0.0,0.0,,,,,,,0.0,5.0,64.5,0.833333333333333,3.5,25.0
Nick Chubb,Cle,RB,24,123,14.17,21.6,20.93,38.7,13.5,28.33,22.8716666666667,16.57,22.0839583333333,14.345625,0.0,0.0,0.0,101.166666666667,1.0,3.33333333333333,1.0,0.0,,0.0,0.0,0.0,,,,,,,0.0,3.33333333333333,21.3333333333333,0.0,1.0,11.1111111111111
Derrick Henry,Ten,RB,89,15,31.4,22.0,12.53,17.53,15.8,4.13,20.2,10.03,16.7025,14.31625,0.0,0.0,0.0,2.85714285714286,0.0,0.142857142857143,0.510204081632653,0.0,,0.0,0.0,0.0,,,,,,,0.0,4.71428571428571,83.0,0.714285714285714,3.14285714285714,22.2244897959183
Matt Breida,SF,RB,102,214,6.7,18.83,14.13,14.076,30.4,13.4,6.57,8.5,14.07575,14.2714285714286,0.0,0.0,0.0,0.142857142857143,0.142857142857143,0.142857142857143,1.0,0.0,,0.0,0.0,0.0,,,,,,,0.0,3.85714285714286,55.8571428571429,0.857142857142857,2.42857142857143,14.8775510204082
Austin Ekeler,LAC,RB,52,3,45.2,24.07,18.6,36.13,25.43,7.33,28.57,12.57,24.7375,14.1664285714286,0.0,0.0,0.0,2.57142857142857,0.0,0.142857142857143,0.326530612244897,0.0,,0.0,0.0,0.0,,,,,,,0.0,4.28571428571429,80.2857142857143,0.571428571428571,2.71428571428571,18.3673469387755
O.J. Howard,TB,TE,92,223,6.13,0.0,10.4,7.2,2.67,5.33,5.28833333333333,0.0,4.62729166666667,13.967,0.0,0.0,0.0,4.5,0.0,0.25,0.0,0.0,,0.0,0.0,0.0,,,,,,,0.0,6.0,60.5,0.0,3.25,36.0
DeSean Jackson,Phi,WR,136,4,40.27,0.0,0.0,0.0,0.0,0.0,0.0,0.0,5.03375,13.9083333333333,0.0,0.0,0.0,8.28571428571429,0.0,0.428571428571429,0.0,0.0,,0.0,0.0,0.0,,,,,,,0.0,0.571428571428571,5.85714285714286,0.0,0.285714285714286,0.326530612244897
Jared Cook,NO,TE,112,219,6.47,5.67,1.47,4.4,17.73,16.47,0.0,0.0,6.52625,13.858125,0.0,0.0,0.0,13.1666666666667,0.0,0.5,0.0,0.0,,0.0,0.0,0.0,,,,,,,0.0,4.5,46.0,0.0,1.5,20.3
Mark Ingram II,Bal,RB,71,55,21.7,13.7,38.43,11.1,14.73,20.67,7.07,18.2,18.2,13.8191666666667,0.0,0.0,0.0,0.0,0.0,0.0,0.444444444444445,0.0,,0.0,0.0,0.0,,,,,,,0.0,4.5,77.3333333333333,0.666666666666667,3.33333333333333,20.3
Chris Godwin,TB,WR,70,78,17.53,29.07,8.67,51.47,38.33,28.07,28.8566666666667,11.87,26.7333333333333,13.695625,0.0,0.0,0.0,24.5,0.25,0.5,0.0625,0.0,,0.0,0.0,0.0,,,,,,,0.0,0.75,8.5,0.0,0.25,0.56
Jordan Howard,Phi,RB,170,179,9.13,5.33,10.7,36.57,14.2,5.9,10.4,19.6,13.97875,13.573125,2.16666666666667,0.0,0.0,62.1666666666667,0.166666666666667,3.0,0.111111111111112,0.0,,0.0,0.0,0.0,,,,,,,0.0,5.5,46.0,0.166666666666667,2.0,30.3
Curtis Samuel,Car,WR,105,202,7.13,14.27,20.53,6.23,8.77,25.47,13.7333333333333,10.07,13.2754166666667,13.4023076923077,0.0,0.0,0.0,7.42857142857143,0.0,0.285714285714286,0.0204081632653062,0.0,,0.0,0.0,0.0,,,,,,,0.0,0.285714285714286,2.0,0.142857142857143,0.142857142857143,0.081632653061225
Mike Williams,LAC,WR,82,251,4.93,11.53,9.0,0.0,14.93,14.8,10.13,9.6,9.365,13.379375,0.0,0.0,0.0,11.8,0.0,0.4,0.0,0.0,,0.0,0.0,0.0,,,,,,,0.0,1.0,4.2,0.0,0.2,1.0
Larry Fitzgerald,Ari,WR,116,35,26.53,14.93,18.4,11.13,12.87,13.6,2.8,3.53,12.97375,13.263125,0.0,0.0,0.0,0.0,0.0,0.0,0.0277777777777779,0.0,,0.0,0.0,0.0,,,,,,,0.0,1.0,19.0,0.166666666666667,0.666666666666667,1.0
Sterling Shepard,NYG,WR,94,148,11.8,0.0,29.77,20.37,11.07,0.0,0.0,0.0,9.12625,13.258125,0.0,0.0,0.0,7.16666666666667,0.333333333333333,1.0,0.111111111111111,0.0,,0.0,0.0,0.0,,,,,,,0.0,0.5,4.83333333333333,0.0,0.333333333333333,0.3
Allen Robinson II,Chi,WR,96,67,18.8,8.73,14.0,17.13,35.47,18.826,28.8,11.13,19.11075,13.2438461538462,0.0,0.0,0.0,0.0,0.0,0.0,0.0,0.0,,0.0,0.0,0.0,,,,,,,0.0,1.5,12.3333333333333,0.0,0.5,2.3
Mohamed Sanu,NE,WR,138,162,10.8,7.07,17.2,18.27,18.9,5.93,1.2,5.53,10.6125,13.029375,0.0,0.0,0.0,6.83333333333333,0.166666666666667,0.5,0.0277777777777779,0.0,,0.0,0.0,0.0,,,,,,,0.0,1.5,11.0,0.0,0.333333333333333,2.3
Darren Sproles,Phi,RB,329,81,17.37,4.13,0.6,0.4,3.2,0.0,0.0,0.0,3.2125,13.0283333333333,0.0,0.0,0.0,12.4,0.0,0.8,0.04,0.0,,0.0,0.0,0.0,,,,,,,0.0,6.2,44.8,0.2,3.2,38.4
Josh Gordon,NE,WR,72,74,17.87,4.27,14.63,8.07,10.93,1.47,0.0,0.0,7.155,12.6775,0.0,0.0,0.0,0.0,0.0,0.0,0.0,0.0,,0.0,0.0,0.0,,,,,,,0.0,0.666666666666667,6.33333333333333,0.0,0.333333333333333,0.444444444444445
Evan Engram,NYG,TE,97,8,34.73,11.2,25.53,9.6,11.3,0.0,1.4,16.67,13.80375,12.5518181818182,0.0,0.0,0.0,0.0,0.0,0.0,0.25,0.0,,0.0,0.0,0.0,,,,,,,0.0,2.16666666666667,34.3333333333333,0.5,1.66666666666667,4.69444444444446
Robby Anderson,NYJ,WR,109,261,4.53,13.4,3.73,7.22,3.07,24.33,2.67,7.87,8.3525,12.4735714285714,0.0,0.0,0.0,0.0,0.0,0.0,0.0,0.0,,0.0,0.0,0.0,,,,,,,0.0,1.14285714285714,15.4285714285714,0.0,0.571428571428571,1.30612244897959
Christian Kirk,Ari,WR,95,93,16.13,17.6,17.93,10.17,0.0,0.0,0.0,18.17,10.0,12.4358333333333,0.0,0.0,0.0,0.428571428571429,0.0,0.285714285714286,0.0,0.0,,0.0,0.0,0.0,,,,,,,0.0,0.428571428571429,4.57142857142857,0.0,0.142857142857143,0.183673469387755
Nyheim Hines,Ind,RB,135,217,6.57,3.23,7.03,12.2,9.97,7.8,3.17,8.47,7.305,12.045625,0.0,0.0,0.0,92.3333333333333,0.666666666666667,4.66666666666667,0.444444444444445,0.0,,0.0,0.0,0.0,,,,,,,0.0,1.5,14.5,0.0,0.5,2.3
Zay Jones,Oak,WR,209,266,4.2,2.93,6.2,2.27,0.0,0.0,0.0,5.8,2.675,11.904375,0.0,0.0,0.0,13.8333333333333,0.0,0.333333333333333,0.0,0.0,,0.0,0.0,0.0,,,,,,,0.0,1.33333333333333,5.83333333333333,0.0,0.333333333333333,1.77777777777777
DJ Moore,Car,WR,87,105,15.07,19.93,15.67,8.93,16.07,19.17,15.8066666666667,9.53,15.0220833333333,11.801875,0.0,0.0,0.0,0.0,0.0,0.0,0.04,0.0,,0.0,0.0,0.0,,,,,,,0.0,1.6,9.0,0.2,0.8,2.6
Jack Doyle,Ind,TE,236,289,3.33,4.4,10.07,16.47,5.27,7.908,5.4,12.07,8.11475,11.7216666666667,0.0,0.0,0.0,6.2,0.4,0.6,0.16,0.0,,0.0,0.0,0.0,,,,,,,0.0,1.0,11.6,0.0,0.8,1.0
Peyton Barber,TB,RB,115,194,8.1,17.67,9.27,6.9,10.13,3.8,9.31166666666667,5.53,8.83895833333333,11.514375,0.0,0.0,0.0,1.16666666666667,0.0,0.0,0.111111111111111,0.0,,0.0,0.0,0.0,,,,,,,0.0,7.33333333333333,80.8333333333333,0.333333333333333,4.0,53.7777777777777
Dion Lewis,Ten,RB,140,269,4.1,3.23,3.77,6.87,5.37,5.23,0.2,1.13,3.7375,11.398125,0.0,0.0,0.0,39.1666666666667,0.5,2.33333333333333,0.694444444444444,0.0,,0.0,0.0,0.0,,,,,,,0.0,4.33333333333333,38.5,0.333333333333333,2.0,18.7777777777778
Tyler Eifert,Cin,TE,218,186,8.8,12.6,3.2,5.8,2.93,4.87,2.67,14.93,6.975,11.2325,0.0,0.0,0.0,0.0,0.0,0.0,0.16,0.0,,0.0,0.0,0.0,,,,,,,0.0,2.8,30.6,0.4,1.4,7.8
Cole Beasley,Buf,WR,205,171,9.67,12.53,15.2,16.0,6.4,11.96,14.07,15.73,12.695,11.23125,0.0,0.0,0.0,0.0,0.0,0.0,0.0,0.0,,0.0,0.0,0.0,,,,,,,0.0,1.28571428571429,17.0,0.0,0.714285714285714,1.65306122448981
Gus Edwards,Bal,RB,304,173,9.6,1.1,13.3,7.33,6.1,5.4,5.5,6.90428571428571,6.90428571428571,11.1936363636364,0.0,0.0,0.0,51.8333333333333,0.833333333333333,3.16666666666667,1.0,0.0,,0.0,0.0,0.0,,,,,,,0.0,2.5,13.5,0.166666666666667,0.5,6.3
Austin Hooper,Atl,TE,146,85,17.13,8.27,30.4,22.67,14.73,29.8,18.07,22.23,20.4125,11.1875,0.0,0.0,0.0,0.0,0.0,0.0,0.0277777777777779,0.0,,0.0,0.0,0.0,,,,,,,0.0,3.66666666666667,54.3333333333333,0.166666666666667,2.5,13.4444444444445
Greg Olsen,Car,TE,161,191,8.4,17.33,33.0,4.33,0.0,10.47,12.255,3.87,11.206875,10.7111111111111,0.0,0.0,0.0,0.142857142857143,0.0,0.0,0.0,0.0,,0.0,0.0,0.0,,,,,,,0.0,3.57142857142857,32.7142857142857,0.0,1.71428571428571,12.7551020408163
Mike Davis,Chi,RB,289,167,10.03,0.1,0.2,0.0,0.0,2.066,0.0,1.63,1.75325,10.578,0.0,0.0,0.0,0.0,0.0,0.0,0.0204081632653062,0.0,,0.0,0.0,0.0,,,,,,,0.0,5.42857142857143,77.2857142857143,0.142857142857143,4.14285714285714,29.4693877551021
Chris Thompson,Was,RB,196,121,14.53,10.5,16.17,10.13,10.23,3.73,0.0,0.0,8.16125,10.567,0.0,0.0,0.0,68.5,0.166666666666667,2.66666666666667,0.111111111111112,0.0,,0.0,0.0,0.0,,,,,,,0.0,1.83333333333333,12.3333333333333,0.166666666666667,0.833333333333333,3.3611111111111
Devin Funchess,Ind,WR,145,203,7.13,0.0,0.0,0.0,0.0,0.0,0.0,0.0,0.89125,10.5428571428571,0.0,0.0,0.0,1.5,0.166666666666667,0.166666666666667,0.0277777777777779,0.0,,0.0,0.0,0.0,,,,,,,0.0,0.333333333333333,1.0,0.0,0.0,0.111111111111111
Taylor Gabriel,Chi,WR,181,258,4.6,5.13,40.7,0.0,0.0,0.0,1.4,10.53,7.795,10.435625,0.0,0.0,0.0,0.0,0.0,0.0,0.0,0.0,,0.0,0.0,0.0,,,,,,,0.0,1.14285714285714,10.0,0.0,0.714285714285714,1.30612244897959
LeSean McCoy,KC,RB,235,89,16.9,5.3,27.13,15.8,1.53,9.4,11.2,9.53,12.09875,10.3764285714286,0.0,0.0,0.0,0.0,0.0,0.0,1.0,0.0,,0.0,0.0,0.0,,,,,,,0.0,6.0,61.2,1.0,3.2,36.0
Kenny Stills,Hou,WR,177,98,15.47,6.53,12.93,5.6,0.0,0.0,15.0,5.47,7.625,10.3726666666667,0.0,0.0,0.0,0.0,0.0,0.0,0.0277777777777779,0.0,,0.0,0.0,0.0,,,,,,,0.0,0.5,4.16666666666667,0.166666666666667,0.333333333333333,0.3
Alex Erickson,Cin,WR,175,193,8.27,2.93,3.67,4.4,3.47,13.83,23.43,14.47,9.30875,10.339375,0.0,0.0,0.0,0.0,0.0,0.0,0.25,0.0,,0.0,0.0,0.0,,,,,,,0.0,2.0,18.5,0.5,1.5,4.0
Rashard Higgins,Cle,WR,152,208,7.07,0.0,0.0,0.0,0.0,0.0,1.17833333333333,1.13,1.17229166666667,10.3176923076923,0.0,0.0,0.0,1.28571428571429,0.0,0.428571428571429,0.0,0.0,,0.0,0.0,0.0,,,,,,,0.0,0.142857142857143,2.14285714285714,0.0,0.142857142857143,0.020408163265306
Vance McDonald,Pit,TE,123,215,6.67,27.53,2.67,0.0,6.27,1.33,7.41166666666667,5.27,7.14395833333333,10.2446666666667,0.0,0.0,0.0,0.0,0.0,0.0,0.0204081632653062,0.0,,0.0,0.0,0.0,,,,,,,0.0,2.42857142857143,46.5714285714286,0.142857142857143,2.0,5.89795918367348
Ryan Switzer,Pit,WR,130,122,14.23,1.1,0.0,0.0,4.2,3.17,3.78333333333333,2.7,3.64791666666667,10.241875,0.0,0.0,0.0,3.5,0.0,0.0,0.0,0.0,,0.0,0.0,0.0,,,,,,,0.0,1.0,11.8333333333333,0.0,0.166666666666667,1.0
John Brown,Buf,WR,142,18,30.2,16.8,10.8,12.6,15.0,17.08,21.53,21.6,18.2,9.879375,0.0,0.0,0.0,1.5,0.0,0.0,0.0,0.0,,0.0,0.0,0.0,,,,,,,0.0,1.5,19.0,0.0,1.0,2.3
Duke Johnson,Hou,RB,77,111,14.9,3.1,4.67,13.07,9.43,18.73,9.87,16.3,11.25875,9.85625,0.0,0.0,0.0,0.0,0.0,0.0,0.183673469387755,0.0,,0.0,0.0,0.0,,,,,,,0.0,5.14285714285714,64.1428571428571,0.428571428571429,3.14285714285714,26.4489795918367
David Njoku,Cle,TE,134,80,17.47,0.0,0.0,0.0,0.0,0.0,0.0,0.0,2.18375,9.85,0.0,0.0,0.0,4.2,0.0,0.2,0.36,0.0,,0.0,0.0,0.0,,,,,,,0.0,3.0,39.4,0.6,1.6,9.0
Tyrell Williams,Oak,WR,122,37,26.0,20.07,14.93,15.4,0.0,0.0,0.0,20.07,12.05875,9.814375,0.0,0.0,0.0,0.428571428571429,0.0,0.0,0.0,0.0,,0.0,0.0,0.0,,,,,,,0.0,0.857142857142857,13.4285714285714,0.0,0.428571428571429,0.73469387755102
Willie Snead IV,Bal,WR,204,115,14.73,1.33,9.13,16.07,10.4,5.2,0.2,8.15142857142857,8.15142857142857,9.625,0.0,0.0,0.0,0.0,0.0,0.0,0.0,0.0,,0.0,0.0,0.0,,,,,,,0.0,1.0,9.57142857142857,0.0,0.428571428571429,1.0
Danny Amendola,Det,WR,220,32,26.93,1.1,8.47,0.0,9.125,1.4,21.0,19.73,10.969375,9.54333333333333,0.0,0.0,0.0,7.0,0.0,0.5,0.0,0.0,,0.0,0.0,0.0,,,,,,,0.0,2.0,9.0,0.0,0.0,4.0
Courtland Sutton,Den,WR,132,64,20.0,10.67,15.8,30.13,20.13,12.07,14.8,10.8,16.8,9.426875,0.0,0.0,0.0,0.0,0.0,0.0,0.0,0.0,,0.0,0.0,0.0,,,,,,,0.0,0.666666666666667,6.16666666666667,0.0,0.333333333333333,0.444444444444445
Jamaal Williams,GB,RB,233,270,4.0,17.67,13.7,1.0,0.0,30.43,15.23,22.13,13.02,9.18125,0.0,0.0,0.0,0.0,0.0,0.0,0.326530612244897,0.0,,0.0,0.0,0.0,,,,,,,0.0,4.14285714285714,53.2857142857143,0.571428571428571,3.0,17.1632653061224
Jimmy Graham,GB,TE,179,106,15.0,0.0,0.0,22.07,7.73,4.13,20.33,5.33,9.32375,9.0875,0.0,0.0,0.0,0.0,0.0,0.0,0.0816326530612246,0.0,,0.0,0.0,0.0,,,,,,,0.0,3.0,30.7142857142857,0.285714285714286,1.57142857142857,9.0
Latavius Murray,NO,RB,139,142,12.57,3.77,0.2,4.8,6.2,13.73,33.97,41.87,14.63875,9.075,0.0,0.0,0.0,85.6666666666667,0.333333333333333,5.16666666666667,0.111111111111111,0.0,,0.0,0.0,0.0,,,,,,,0.0,1.66666666666667,9.0,0.0,0.0,2.77777777777779
Donte Moncrief,Pit,WR,133,288,3.47,0.0,0.0,0.0,0.0,2.73,1.03333333333333,0.0,0.904166666666666,9.014375,0.0,0.0,0.0,0.833333333333333,0.0,0.0,0.0,0.0,,0.0,0.0,0.0,,,,,,,0.0,0.666666667,6.5,0.0,0.166666667,0.444444444
Giovani Bernard,Cin,RB,240,185,8.9,3.47,2.97,6.37,8.07,4.73,2.27,8.03,5.60125,8.9275,0.0,0.0,0.0,0.333333333333333,0.166666666666667,0.166666666666667,0.444444444444445,0.0,,0.0,0.0,0.0,,,,,,,0.0,4.33333333333333,42.1666666666667,0.5,3.16666666666667,18.7777777777778
Royce Freeman,Den,RB,213,184,8.93,18.6,12.97,10.87,10.5,13.2,16.63,12.33,13.00375,8.63571428571429,0.0,0.0,0.0,51.2,0.2,2.2,0.16,0.0,,0.0,0.0,0.0,,,,,,,0.0,5.6,33.8,0.2,1.8,31.4
Carlos Hyde,Hou,RB,232,130,13.43,15.0,7.9,13.2,16.0,23.53,5.5,11.3,13.23,8.16428571428571,0.0,0.0,0.0,65.8571428571429,0.428571428571429,4.28571428571429,0.183673469387755,0.0,,0.0,0.0,0.0,,,,,,,0.0,0.857142857142857,3.14285714285714,0.0,0.142857142857143,0.73469387755102
Ito Smith,Atl,RB,188,199,7.7,8.07,0.0,12.43,12.9,7.5,0.7,0.0,6.1625,7.97357142857143,0.0,0.0,0.0,45.5714285714286,0.142857142857143,1.71428571428571,0.0204081632653062,0.0,,0.0,0.0,0.0,,,,,,,0.0,3.57142857142857,25.2857142857143,0.0,1.0,12.7551020408163
Tre'Quan Smith,NO,WR,171,127,13.73,9.27,0.0,0.0,0.0,0.0,0.0,0.0,2.875,7.96466666666667,0.0,0.0,0.0,4.0,0.0,0.142857142857143,0.0,0.0,,0.0,0.0,0.0,,,,,,,0.0,0.0,0.0,0.0,0.0,0.0
C.J. Anderson,Det,RB,221,262,4.5,0.8,0.0,0.0,1.325,0.0,0.0,0.0,0.828125,7.91181818181818,0.0,0.0,0.0,32.6666666666667,0.0,1.33333333333333,0.25,0.0,,0.0,0.0,0.0,,,,,,,0.0,2.66666666666667,18.8333333333333,0.5,1.0,7.11111111111113
Rex Burkhead,NE,RB,293,86,17.13,10.23,18.17,1.47,0.0,0.0,0.0,2.0,6.125,7.79125,0.0,0.0,0.0,1.28571428571429,0.0,0.0,0.0816326530612246,0.0,,0.0,0.0,0.0,,,,,,,0.0,3.0,59.4285714285714,0.285714285714286,1.57142857142857,9.0
Marquez Valdes-Scantling,GB,WR,182,174,9.47,5.27,22.6,8.13,3.2,7.1,20.87,2.27,9.86375,7.670625,0.0,0.0,0.0,0.0,0.0,0.0,0.6645371606725069,0.0,,0.0,0.0,0.0,,,,,,,0.0,0.0,0.0,0.0,0.0,0.0
C.J. Uzomah,Cin,TE,290,151,11.4,0.0,0.0,0.0,3.07,4.73,0.0,1.27,2.55875,7.329375,0.0,0.0,0.0,0.0,0.0,0.0,0.04,0.0,,0.0,0.0,0.0,,,,,,,0.0,4.0,50.4,0.2,2.6,16.0
Damien Williams,KC,RB,53,57,21.2,11.0,0.0,0.0,7.3,12.53,2.63,8.0,7.83,7.079375,0.0,0.0,0.0,0.833333333333333,0.0,0.0,0.111111111111111,0.0,,0.0,0.0,0.0,,,,,,,0.0,5.66666666666667,63.1666666666667,0.333333333333333,3.0,32.1111111111111
Rashaad Penny,Sea,RB,151,277,3.9,15.7,0.0,0.0,6.87,0.0,0.0,8.5,4.37125,7.06428571428571,0.0,0.0,0.0,1.16666666666667,0.0,0.0,0.444444444444445,0.0,,0.0,0.0,0.0,,,,,,,0.0,3.83333333333333,43.6666666666667,0.666666666666667,2.33333333333333,14.6944444444444
Geoff Swaim,Jax,TE,268,242,5.13,3.93,1.53,5.13,1.27,1.33,0.0,0.0,2.29,6.79222222222222,0.0,0.0,0.0,0.0,0.0,0.0,0.111111111111111,0.0,,0.0,0.0,0.0,,,,,,,0.0,2.5,28.0,0.333333333333333,1.66666666666667,6.3
Dallas Goedert,Phi,TE,197,294,3.07,0.0,0.0,13.07,2.73,10.2,17.6,16.07,7.8425,6.391875,0.0,0.0,0.0,0.8,0.0,0.0,0.0,0.0,,0.0,0.0,0.0,,,,,,,0.0,5.6,54.4,0.0,2.4,31.4
Vernon Davis,Was,TE,174,88,16.93,5.93,6.0,1.33,0.0,0.0,0.0,0.0,3.77375,5.96214285714286,0.0,0.0,0.0,0.0,0.0,0.0,0.04,0.0,,0.0,0.0,0.0,,,,,,,0.0,2.8,43.4,0.2,2.0,7.8
Nick Vannett,Pit,TE,326,293,3.07,2.87,1.6,4.87,0.0,1.33,2.29,3.0,2.37875,5.862,0.0,0.0,0.0,0.0,0.0,0.0,0.04,0.0,,0.0,0.0,0.0,,,,,,,0.0,3.0,58.6,0.2,2.6,9.0
Raheem Mostert,SF,RB,363,211,7.0,30.83,6.9,0.0,4.4,2.3,0.0,12.0,7.92875,5.53,0.0,0.0,0.0,77.25,0.5,3.5,0.25,0.0,,0.0,0.0,0.0,,,,,,,0.0,3.5,20.5,0.0,0.75,12.3
Justin Jackson,LAC,RB,127,183,8.97,9.23,7.87,0.0,0.0,0.0,0.0,0.0,3.25875,5.50769230769231,0.0,0.0,0.0,0.0,0.0,0.0,0.36,0.0,,0.0,0.0,0.0,,,,,,,0.0,4.2,65.2,0.6,2.4,17.6
Jonnu Smith,Ten,TE,321,287,3.47,0.0,4.33,1.33,5.8,3.13,9.27,23.2,6.31625,5.47692307692308,0.0,0.0,0.0,0.0,0.0,0.0,0.0816326530612246,0.0,,0.0,0.0,0.0,,,,,,,0.0,2.14285714285714,30.4285714285714,0.285714285714286,1.28571428571429,4.59183673469387
Blake Jarwin,Dal,TE,280,118,14.6,3.47,1.2,7.27,0.0,3.4,10.07,5.71571428571429,5.71571428571429,5.466875,0.0,0.0,0.0,1.85714285714286,0.0,0.142857142857143,0.0204081632653062,0.0,,0.0,0.0,0.0,,,,,,,0.0,2.57142857142857,36.2857142857143,0.142857142857143,1.42857142857143,6.61224489795918
Tyler Ervin,Jax,RB,479,281,3.8,2.6,0.0,0.0,0.0,0.0,0.0,5.2,1.45,5.45888888888889,0.0,0.0,0.0,0.571428571428571,0.0,0.0,0.0816326530612246,0.0,,0.0,0.0,0.0,,,,,,,0.0,2.85714285714286,55.5714285714286,0.285714285714286,2.14285714285714,8.16326530612247
Tyler Higbee,LAR,TE,313,101,15.33,4.4,0.0,9.73,9.13,4.67,1.53,1.53,5.79,4.716875,0.0,0.0,0.0,11.7142857142857,0.142857142857143,0.142857142857143,0.0204081632653062,0.0,,0.0,0.0,0.0,,,,,,,0.0,1.14285714285714,4.71428571428571,0.0,0.285714285714286,1.30612244897959
Malcolm Brown,LAR,RB,294,83,17.3,6.37,0.7,2.4,0.3,8.0,0.0,0.0,4.38375,4.30583333333333,0.0,0.0,0.0,0.0,0.0,0.0,0.183673469387755,0.0,,0.0,0.0,0.0,,,,,,,0.0,2.85714285714286,44.5714285714286,0.428571428571429,1.57142857142857,8.16326530612247
Ryan Griffin,NYJ,TE,296,255,4.67,0.0,1.33,7.78142857142857,1.13,15.87,1.07,30.4,7.78142857142857,4.23785714285714,0.0,0.0,0.0,0.0,0.0,0.0,0.0816326530612246,0.0,,0.0,0.0,0.0,,,,,,,0.0,2.0,29.2857142857143,0.285714285714286,1.42857142857143,4.0
Dontrell Hilliard,Cle,RB,302,71,18.13,0.0,0.0,13.5,6.4,15.33,8.89333333333333,11.4,9.20666666666667,4.03636363636364,0.0,0.0,0.0,0.0,0.0,0.0,0.0816326530612246,0.0,,0.0,0.0,0.0,,,,,,,0.0,3.42857142857143,40.2857142857143,0.285714285714286,2.28571428571429,11.7551020408163
T.J. Logan,TB,RB,322,225,6.0,0.0,0.0,3.4,1.9,0.0,1.88333333333333,9.2,2.79791666666667,4.027,0.0,0.0,0.0,0.0,0.0,0.0,0.111111111111111,0.0,,0.0,0.0,0.0,,,,,,,0.0,3.66666666666667,46.3333333333333,0.333333333333333,2.83333333333333,13.4444444444445
Kenjon Barner,Atl,RB,418,180,9.0,1.2,6.77,0.0,0.0,4.1,6.5,3.1,3.83375,4.02222222222222,0.0,0.0,0.0,10.5,0.0,0.5,0.0625,0.0,,0.0,0.0,0.0,,,,,,,0.0,6.25,66.75,0.25,3.5,39.06
James O'Shaughnessy,Jax,TE,312,204,7.13,6.87,13.2,11.2,8.8,0.0,0.0,0.0,5.9,3.44785714285714,0.0,0.0,0.0,14.8,0.2,0.4,0.04,0.0,,0.0,0.0,0.0,,,,,,,0.0,1.4,19.2,0.0,0.8,2.0
Wayne Gallman Jr.,NYG,RB,348,131,13.3,0.0,2.3,30.97,2.4,0.0,0.0,2.33,6.4125,3.43533333333333,0.0,0.0,0.0,0.0,0.0,0.0,0.183673469387755,0.0,,0.0,0.0,0.0,,,,,,,0.0,3.57142857142857,36.2857142857143,0.428571428571429,1.57142857142857,12.7551020408163
Maxx Williams,Ari,TE,345,297,3.0,3.4,0.0,3.4,1.47,16.27,2.33,10.441057451320608,4.26714285714286,3.33307692307692,0.0,0.0,0.0,0.0,0.0,0.0,0.0277777777777779,0.0,,0.0,0.0,0.0,,,,,,,0.0,0.833333333333333,18.0,0.166666666666667,0.666666666666667,0.694444444444444
Hayden Hurst,Bal,TE,285,198,7.73,10.07,3.93,5.6,8.13,1.27,2.67,5.62857142857143,5.62857142857143,3.3225,0.0,0.0,0.0,0.0,0.0,0.0,0.111111111111111,0.0,,0.0,0.0,0.0,,,,,,,0.0,2.0,20.1666666666667,0.333333333333333,1.33333333333333,4.0
Nick Boyle,Bal,TE,359,213,6.73,2.93,9.87,1.6,0.0,3.2,3.33,3.95142857142857,3.95142857142857,2.95,0.0,0.0,0.0,9.0,0.4,0.6,0.36,0.0,,0.0,0.0,0.0,,,,,,,0.0,1.0,14.4,0.2,0.8,1.0
Jordan Akins,Hou,TE,272,292,3.13,4.67,25.87,5.4,3.4,7.6,4.13,3.73,7.24125,2.6875,0.0,0.0,0.0,0.0,0.0,0.0,0.0277777777777779,0.0,,0.0,0.0,0.0,,,,,,,0.0,2.83333333333333,24.8333333333333,0.166666666666667,1.66666666666667,8.02777777777776
Mike Gesicki,Mia,TE,271,244,5.07,1.73,3.6,0.0,2.6,7.4,8.73,2.67,3.975,2.654375,0.0,0.0,0.0,0.0,0.0,0.0,0.16,0.0,,0.0,0.0,0.0,,,,,,,0.0,2.8,25.4,0.4,1.2,7.8
Brandon Bolden,NE,RB,641,267,4.2,0.0,5.2,9.7,13.23,15.57,11.4,4.2,7.9375,1.998125,0.0,0.0,0.0,0.0,0.0,0.0,0.0277777777777779,0.0,,0.0,0.0,0.0,,,,,,,0.0,3.83333333333333,52.3333333333333,0.166666666666667,2.66666666666667,14.6944444444444
Anthony Sherman,KC,RB,451,295,3.0,0.0,0.0,0.0,1.2,0.0,2.7,0.0,0.8625,1.81875,0.0,0.0,0.0,-0.285714285714286,0.0,0.0,0.0816326530612246,0.0,,0.0,0.0,0.0,,,,,,,0.0,2.85714285714286,48.1428571428571,0.285714285714286,1.85714285714286,8.16326530612247
DJ Chark Jr.,Jax,WR,276,46,24.73,21.67,20.07,8.93,42.93,7.87,10.53,24.27,20.125,13.0398233164717,0.0155875299760192,0.0,0.00102774922918808,14.4953922576225,0.112350119904077,0.708136348064406,0.196333109884354,0.0,,0.0,0.0,0.0,,,,,,,0.0,2.85601320820647,32.2690649982308,0.210392770247828,1.54023288147619,11.8778941357534
Josh Jacobs,Oak,RB,91,26,28.37,12.9,5.4,16.83,32.63,19.226,21.07,12.6,18.62825,13.03982332,0.01558752998,0.0,0.001027749229,14.49539226,0.1123501199,0.7081363481,0.1963331099,0.0,,0.0,0.0,0.0,,,,,,,0.0,2.856013208,32.269065,0.2103927702,1.540232881,11.87789414
Darren Waller,Oak,TE,237,117,14.67,13.2,29.63,13.53,7.6,15.726,38.4,11.73,18.06075,13.03982332,0.01558752998,0.0,0.001027749229,14.49539226,0.1123501199,0.7081363481,0.1963331099,0.0,,0.0,0.0,0.0,,,,,,,0.0,2.856013208,32.269065,0.2103927702,1.540232881,11.87789414
Devonta Freeman,Atl,RB,59,252,4.7,10.0,17.27,20.6,21.67,37.8,4.3,17.1,16.68,13.03982332,0.01558752998,0.0,0.001027749229,14.49539226,0.1123501199,0.7081363481,0.1963331099,0.0,,0.0,0.0,0.0,,,,,,,0.0,2.856013208,32.269065,0.2103927702,1.540232881,11.87789414
Le'Veon Bell,NYJ,RB,18,16,31.13,22.87,11.37,16.339,18.3,13.2,11.4,6.1,16.338625,13.03982332,0.01558752998,0.0,0.001027749229,14.49539226,0.1123501199,0.7081363481,0.1963331099,0.0,,0.0,0.0,0.0,,,,,,,0.0,2.856013208,32.269065,0.2103927702,1.540232881,11.87789414
Mark Andrews,Bal,TE,178,24,29.2,29.47,5.0,16.07,10.0,14.6,5.6,15.7057142857143,15.7057142857143,13.03982332,0.01558752998,0.0,0.001027749229,14.49539226,0.1123501199,0.7081363481,0.1963331099,0.0,,0.0,0.0,0.0,,,,,,,0.0,2.856013208,32.269065,0.2103927702,1.540232881,11.87789414
Miles Sanders,Phi,RB,195,257,4.63,13.6,19.57,16.9,14.17,20.83,9.53,24.73,15.495,13.03982332,0.01558752998,0.0,0.001027749229,14.49539226,0.1123501199,0.7081363481,0.1963331099,0.0,,0.0,0.0,0.0,,,,,,,0.0,2.856013208,32.269065,0.2103927702,1.540232881,11.87789414
Terry McLaurin,Was,WR,314,42,25.33,21.13,23.67,0.0,9.4,30.67,2.73,9.6,15.31625,13.03982332,0.01558752998,0.0,0.001027749229,14.49539226,0.1123501199,0.7081363481,0.1963331099,0.0,,0.0,0.0,0.0,,,,,,,0.0,2.856013208,32.269065,0.2103927702,1.540232881,11.87789414
Mecole Hardman,KC,WR,300,263,4.5,21.87,20.17,5.5,13.87,13.1,16.47,24.27,14.96875,13.03982332,0.01558752998,0.0,0.001027749229,14.49539226,0.1123501199,0.7081363481,0.1963331099,0.0,,0.0,0.0,0.0,,,,,,,0.0,2.856013208,32.269065,0.2103927702,1.540232881,11.87789414
David Montgomery,Chi,RB,110,200,7.6,15.6,13.63,11.23,10.23,11.658,1.47,32.3,12.96475,13.03982332,0.01558752998,0.0,0.001027749229,14.49539226,0.1123501199,0.7081363481,0.1963331099,0.0,,0.0,0.0,0.0,,,,,,,0.0,2.856013208,32.269065,0.2103927702,1.540232881,11.87789414
DeVante Parker,Mia,WR,155,157,11.0,0.0,9.73,19.67,10.1,14.87,20.67,12.93,12.37125,13.03982332,0.01558752998,0.0,0.001027749229,14.49539226,0.1123501199,0.7081363481,0.1963331099,0.0,,0.0,0.0,0.0,,,,,,,0.0,2.856013208,32.269065,0.2103927702,1.540232881,11.87789414
DK Metcalf,Sea,WR,191,137,12.93,18.07,8.47,1.4,13.93,13.0,7.53,21.87,12.15,13.03982332,0.01558752998,0.0,0.001027749229,14.49539226,0.1123501199,0.7081363481,0.1963331099,0.0,,0.0,0.0,0.0,,,,,,,0.0,2.856013208,32.269065,0.2103927702,1.540232881,11.87789414
Preston Williams,Mia,WR,356,119,14.6,11.2,12.53,9.07,11.85,10.27,14.37,13.3,12.14875,13.03982332,0.01558752998,0.0,0.001027749229,14.49539226,0.1123501199,0.7081363481,0.1963331099,0.0,,0.0,0.0,0.0,,,,,,,0.0,2.856013208,32.269065,0.2103927702,1.540232881,11.87789414
Michael Gallup,Dal,WR,131,52,22.53,14.53,0.0,0.0,27.53,10.2,6.27,11.58,11.58,13.03982332,0.01558752998,0.0,0.001027749229,14.49539226,0.1123501199,0.7081363481,0.1963331099,0.0,,0.0,0.0,0.0,,,,,,,0.0,2.856013208,32.269065,0.2103927702,1.540232881,11.87789414
Diontae Johnson,Pit,WR,354,254,4.67,4.23,17.07,18.13,7.8,3.93,9.305,22.6,10.966875,13.03982332,0.01558752998,0.0,0.001027749229,14.49539226,0.1123501199,0.7081363481,0.1963331099,0.0,,0.0,0.0,0.0,,,,,,,0.0,2.856013208,32.269065,0.2103927702,1.540232881,11.87789414
Phillip Dorsett II,NE,WR,217,22,29.33,7.6,21.73,4.57,0.0,0.0,16.07,7.87,10.89625,13.03982332,0.01558752998,0.0,0.001027749229,14.49539226,0.1123501199,0.7081363481,0.1963331099,0.0,,0.0,0.0,0.0,,,,,,,0.0,2.856013208,32.269065,0.2103927702,1.540232881,11.87789414
Chris Conley,Jax,WR,266,40,25.47,12.87,5.0,3.13,3.73,0.0,12.53,21.87,10.575,13.03982332,0.01558752998,0.0,0.001027749229,14.49539226,0.1123501199,0.7081363481,0.1963331099,0.0,,0.0,0.0,0.0,,,,,,,0.0,2.856013208,32.269065,0.2103927702,1.540232881,11.87789414
A.J. Brown,Ten,WR,275,149,11.67,5.67,1.27,28.27,4.8,5.53,14.07,11.73,10.37625,13.03982332,0.01558752998,0.0,0.001027749229,14.49539226,0.1123501199,0.7081363481,0.1963331099,0.0,,0.0,0.0,0.0,,,,,,,0.0,2.856013208,32.269065,0.2103927702,1.540232881,11.87789414
Jason Witten,Dal,TE,258,133,13.0,15.67,8.6,8.33,6.93,10.8,9.2,10.3614285714286,10.3614285714286,13.03982332,0.01558752998,0.0,0.001027749229,14.49539226,0.1123501199,0.7081363481,0.1963331099,0.0,,0.0,0.0,0.0,,,,,,,0.0,2.856013208,32.269065,0.2103927702,1.540232881,11.87789414
Ronald Jones II,TB,RB,185,116,14.7,1.9,15.73,15.8,9.9,6.0,10.6716666666667,7.63,10.2914583333333,13.03982332,0.01558752998,0.0,0.001027749229,14.49539226,0.1123501199,0.7081363481,0.1963331099,0.0,,0.0,0.0,0.0,,,,,,,0.0,2.856013208,32.269065,0.2103927702,1.540232881,11.87789414
Jamison Crowder,NYJ,WR,114,31,27.0,7.67,4.67,10.1242857142857,2.67,16.53,6.73,5.6,10.1242857142857,13.03982332,0.01558752998,0.0,0.001027749229,14.49539226,0.1123501199,0.7081363481,0.1963331099,0.0,,0.0,0.0,0.0,,,,,,,0.0,2.856013208,32.269065,0.2103927702,1.540232881,11.87789414
Marquise Brown,Bal,WR,199,12,32.8,17.73,7.27,7.47,13.47,0.0,0.0,0.0,9.8425,13.03982332,0.01558752998,0.0,0.001027749229,14.49539226,0.1123501199,0.7081363481,0.1963331099,0.0,,0.0,0.0,0.0,,,,,,,0.0,2.856013208,32.269065,0.2103927702,1.540232881,11.87789414
Hunter Henry,LAC,TE,104,158,11.0,0.0,0.0,0.0,0.0,36.67,18.47,9.13,9.40875,13.03982332,0.01558752998,0.0,0.001027749229,14.49539226,0.1123501199,0.7081363481,0.1963331099,0.0,,0.0,0.0,0.0,,,,,,,0.0,2.856013208,32.269065,0.2103927702,1.540232881,11.87789414
T.J. Hockenson,Det,TE,234,33,26.73,1.47,1.07,15.8,11.2675,6.4,7.13,3.4,9.1584375,13.03982332,0.01558752998,0.0,0.001027749229,14.49539226,0.1123501199,0.7081363481,0.1963331099,0.0,,0.0,0.0,0.0,,,,,,,0.0,2.856013208,32.269065,0.2103927702,1.540232881,11.87789414
John Ross III,Cin,WR,148,5,39.53,21.47,2.47,8.4,0.0,0.0,0.0,0.0,8.98375,13.03982332,0.01558752998,0.0,0.001027749229,14.49539226,0.1123501199,0.7081363481,0.1963331099,0.0,,0.0,0.0,0.0,,,,,,,0.0,2.856013208,32.269065,0.2103927702,1.540232881,11.87789414
Randall Cobb,Dal,WR,225,60,20.6,10.2,4.53,9.13,9.53,0.0,6.53,8.64571428571429,8.64571428571429,13.03982332,0.01558752998,0.0,0.001027749229,14.49539226,0.1123501199,0.7081363481,0.1963331099,0.0,,0.0,0.0,0.0,,,,,,,0.0,2.856013208,32.269065,0.2103927702,1.540232881,11.87789414
Deebo Samuel,SF,WR,287,241,5.13,22.43,7.93,11.83,1.2,5.3,0.0,13.17,8.37375,13.03982332,0.01558752998,0.0,0.001027749229,14.49539226,0.1123501199,0.7081363481,0.1963331099,0.0,,0.0,0.0,0.0,,,,,,,0.0,2.856013208,32.269065,0.2103927702,1.540232881,11.87789414
Delanie Walker,Ten,TE,147,20,29.67,8.6,14.27,1.27,1.67,6.87,0.0,0.0,7.79375,13.03982332,0.01558752998,0.0,0.001027749229,14.49539226,0.1123501199,0.7081363481,0.1963331099,0.0,,0.0,0.0,0.0,,,,,,,0.0,2.856013208,32.269065,0.2103927702,1.540232881,11.87789414
Paul Richardson Jr.,Was,WR,160,192,8.4,13.07,26.53,3.93,2.93,0.0,0.0,7.27,7.76625,13.03982332,0.01558752998,0.0,0.001027749229,14.49539226,0.1123501199,0.7081363481,0.1963331099,0.0,,0.0,0.0,0.0,,,,,,,0.0,2.856013208,32.269065,0.2103927702,1.540232881,11.87789414
Ted Ginn Jr.,NO,WR,219,68,18.73,0.0,3.0,5.27,13.43,8.6,6.2,6.8,7.75375,13.03982332,0.01558752998,0.0,0.001027749229,14.49539226,0.1123501199,0.7081363481,0.1963331099,0.0,,0.0,0.0,0.0,,,,,,,0.0,2.856013208,32.269065,0.2103927702,1.540232881,11.87789414
Richie James Jr.,SF,WR,292,141,12.6,4.17,12.57,9.78,3.6,5.6,7.67,4.9,7.61125,13.03982332,0.01558752998,0.0,0.001027749229,14.49539226,0.1123501199,0.7081363481,0.1963331099,0.0,,0.0,0.0,0.0,,,,,,,0.0,2.856013208,32.269065,0.2103927702,1.540232881,11.87789414
Steven Sims Jr.,Was,WR,417,259,4.6,4.8,15.8,3.7,13.57,2.2,9.63,5.4,7.4625,13.03982332,0.01558752998,0.0,0.001027749229,14.49539226,0.1123501199,0.7081363481,0.1963331099,0.0,,0.0,0.0,0.0,,,,,,,0.0,2.856013208,32.269065,0.2103927702,1.540232881,11.87789414
Trevor Davis,Oak,WR,393,274,3.97,0.0,0.0,17.1,13.3,6.874,14.33,2.2,7.22175,13.03982332,0.01558752998,0.0,0.001027749229,14.49539226,0.1123501199,0.7081363481,0.1963331099,0.0,,0.0,0.0,0.0,,,,,,,0.0,2.856013208,32.269065,0.2103927702,1.540232881,11.87789414
Trey Quinn,Was,WR,228,82,17.3,9.3,10.5,4.27,4.1,3.93,5.0,3.0,7.175,13.03982332,0.01558752998,0.0,0.001027749229,14.49539226,0.1123501199,0.7081363481,0.1963331099,0.0,,0.0,0.0,0.0,,,,,,,0.0,2.856013208,32.269065,0.2103927702,1.540232881,11.87789414
Hunter Renfrow,Oak,WR,180,279,3.87,8.0,7.87,4.2,2.8,5.348,4.93,18.87,6.986,13.03982332,0.01558752998,0.0,0.001027749229,14.49539226,0.1123501199,0.7081363481,0.1963331099,0.0,,0.0,0.0,0.0,,,,,,,0.0,2.856013208,32.269065,0.2103927702,1.540232881,11.87789414
Foster Moreau,Oak,TE,398,290,3.33,0.0,1.07,16.0,10.07,6.094,13.6,2.67,6.60425,13.03982332,0.01558752998,0.0,0.001027749229,14.49539226,0.1123501199,0.7081363481,0.1963331099,0.0,,0.0,0.0,0.0,,,,,,,0.0,2.856013208,32.269065,0.2103927702,1.540232881,11.87789414
Alexander Mattison,Min,RB,338,212,6.9,4.5,12.8,3.03,7.2,6.3,1.8,10.3,6.60375,13.03982332,0.01558752998,0.0,0.001027749229,14.49539226,0.1123501199,0.7081363481,0.1963331099,0.0,,0.0,0.0,0.0,,,,,,,0.0,2.856013208,32.269065,0.2103927702,1.540232881,11.87789414
Miles Boykin,Bal,WR,278,165,10.33,10.33,2.73,0.0,15.13,0.0,5.87,6.67,6.3825,13.03982332,0.01558752998,0.0,0.001027749229,14.49539226,0.1123501199,0.7081363481,0.1963331099,0.0,,0.0,0.0,0.0,,,,,,,0.0,2.856013208,32.269065,0.2103927702,1.540232881,11.87789414
Devin Singletary,Buf,RB,202,75,17.87,11.7,0.0,0.0,0.0,0.0,2.6,17.9,6.25875,13.03982332,0.01558752998,0.0,0.001027749229,14.49539226,0.1123501199,0.7081363481,0.1963331099,0.0,,0.0,0.0,0.0,,,,,,,0.0,2.856013208,32.269065,0.2103927702,1.540232881,11.87789414
Deonte Harris,NO,WR,404,235,5.6,3.93,13.3,7.2,0.8,3.3,10.0,5.83,6.245,13.03982332,0.01558752998,0.0,0.001027749229,14.49539226,0.1123501199,0.7081363481,0.1963331099,0.0,,0.0,0.0,0.0,,,,,,,0.0,2.856013208,32.269065,0.2103927702,1.540232881,11.87789414
Noah Fant,Den,TE,248,264,4.43,9.2,5.47,13.07,1.4,4.07,1.47,8.73,5.98,13.03982332,0.01558752998,0.0,0.001027749229,14.49539226,0.1123501199,0.7081363481,0.1963331099,0.0,,0.0,0.0,0.0,,,,,,,0.0,2.856013208,32.269065,0.2103927702,1.540232881,11.87789414
Dare Ogunbowale,TB,RB,260,221,6.2,1.6,4.53,4.07,7.3,10.77,5.745,2.0,5.276875,13.03982332,0.01558752998,0.0,0.001027749229,14.49539226,0.1123501199,0.7081363481,0.1963331099,0.0,,0.0,0.0,0.0,,,,,,,0.0,2.856013208,32.269065,0.2103927702,1.540232881,11.87789414
Parris Campbell,Ind,WR,339,222,6.17,14.6,8.7,5.67,0.0,7.028,0.0,0.0,5.271,13.03982332,0.01558752998,0.0,0.001027749229,14.49539226,0.1123501199,0.7081363481,0.1963331099,0.0,,0.0,0.0,0.0,,,,,,,0.0,2.856013208,32.269065,0.2103927702,1.540232881,11.87789414
Damiere Byrd,Ari,WR,431,169,9.8,16.9,2.6,0.0,0.0,7.0,1.27,4.2,5.22125,13.03982332,0.01558752998,0.0,0.001027749229,14.49539226,0.1123501199,0.7081363481,0.1963331099,0.0,,0.0,0.0,0.0,,,,,,,0.0,2.856013208,32.269065,0.2103927702,1.540232881,11.87789414
Justice Hill,Bal,RB,311,234,5.6,7.67,4.8,6.8,5.3,4.1,2.1,5.12833333333333,5.18729166666667,13.03982332,0.01558752998,0.0,0.001027749229,14.49539226,0.1123501199,0.7081363481,0.1963331099,0.0,,0.0,0.0,0.0,,,,,,,0.0,2.856013208,32.269065,0.2103927702,1.540232881,11.87789414
Bennie Fowler III,NYG,WR,397,172,9.67,14.4,1.33,2.2,0.0,0.0,8.33,4.4,5.04125,13.03982332,0.01558752998,0.0,0.001027749229,14.49539226,0.1123501199,0.7081363481,0.1963331099,0.0,,0.0,0.0,0.0,,,,,,,0.0,2.856013208,32.269065,0.2103927702,1.540232881,11.87789414
KeeSean Johnson,Ari,WR,305,155,11.07,6.07,3.87,4.27,7.77,2.93,1.4,0.0,4.6725,13.03982332,0.01558752998,0.0,0.001027749229,14.49539226,0.1123501199,0.7081363481,0.1963331099,0.0,,0.0,0.0,0.0,,,,,,,0.0,2.856013208,32.269065,0.2103927702,1.540232881,11.87789414
Cody Latimer,NYG,WR,273,168,9.93,8.0,0.0,0.0,0.0,0.0,9.2,7.97,4.3875,13.03982332,0.01558752998,0.0,0.001027749229,14.49539226,0.1123501199,0.7081363481,0.1963331099,0.0,,0.0,0.0,0.0,,,,,,,0.0,2.856013208,32.269065,0.2103927702,1.540232881,11.87789414
J.D. McKissic,Det,RB,357,282,3.6,0.2,5.4,5.73,3.7325,2.87,8.97,3.03,4.1915625,13.03982332,0.01558752998,0.0,0.001027749229,14.49539226,0.1123501199,0.7081363481,0.1963331099,0.0,,0.0,0.0,0.0,,,,,,,0.0,2.856013208,32.269065,0.2103927702,1.540232881,11.87789414
Jakobi Meyers,NE,WR,350,285,3.47,0.0,6.53,0.0,1.4,9.6,10.13,2.33,4.1825,13.03982332,0.01558752998,0.0,0.001027749229,14.49539226,0.1123501199,0.7081363481,0.1963331099,0.0,,0.0,0.0,0.0,,,,,,,0.0,2.856013208,32.269065,0.2103927702,1.540232881,11.87789414
James Washington,Pit,WR,283,201,7.4,5.53,2.93,0.0,9.47,0.0,4.22166666666667,3.4,4.11895833333333,13.03982332,0.01558752998,0.0,0.001027749229,14.49539226,0.1123501199,0.7081363481,0.1963331099,0.0,,0.0,0.0,0.0,,,,,,,0.0,2.856013208,32.269065,0.2103927702,1.540232881,11.87789414
Allen Hurns,Mia,WR,320,284,3.47,1.87,1.4,0.0,1.685,4.07,8.53,10.8,3.978125,13.03982332,0.01558752998,0.0,0.001027749229,14.49539226,0.1123501199,0.7081363481,0.1963331099,0.0,,0.0,0.0,0.0,,,,,,,0.0,2.856013208,32.269065,0.2103927702,1.540232881,11.87789414
DaeSean Hamilton,Den,WR,190,291,3.33,4.0,0.0,9.8,0.0,5.67,2.27,0.0,3.13375,13.03982332,0.01558752998,0.0,0.001027749229,14.49539226,0.1123501199,0.7081363481,0.1963331099,0.0,,0.0,0.0,0.0,,,,,,,0.0,2.856013208,32.269065,0.2103927702,1.540232881,11.87789414
Albert Wilson,Mia,WR,211,275,3.97,0.0,0.0,0.0,0.0,7.0,3.47,10.33,3.09625,13.03982332,0.01558752998,0.0,0.001027749229,14.49539226,0.1123501199,0.7081363481,0.1963331099,0.0,,0.0,0.0,0.0,,,,,,,0.0,2.856013208,32.269065,0.2103927702,1.540232881,11.87789414
Ray-Ray McCloud III,Buf,WR,733,195,8.1,3.9,3.6,4.8,4.2,-1.0,0.0,0.0,2.95,13.03982332,0.01558752998,0.0,0.001027749229,14.49539226,0.1123501199,0.7081363481,0.1963331099,0.0,,0.0,0.0,0.0,,,,,,,0.0,2.856013208,32.269065,0.2103927702,1.540232881,11.87789414
Damion Ratley,Cle,WR,384,268,4.13,7.33,8.93,2.67,0.0,0.0,0.0,0.0,2.8825,13.03982332,0.01558752998,0.0,0.001027749229,14.49539226,0.1123501199,0.7081363481,0.1963331099,0.0,,0.0,0.0,0.0,,,,,,,0.0,2.856013208,32.269065,0.2103927702,1.540232881,11.87789414
Gunner Olszewski,NE,WR,1137,283,3.5,0.9,2.4,0.0,4.9,6.27,2.4,0.8,2.64625,13.03982332,0.01558752998,0.0,0.001027749229,14.49539226,0.1123501199,0.7081363481,0.1963331099,0.0,,0.0,0.0,0.0,,,,,,,0.0,2.856013208,32.269065,0.2103927702,1.540232881,11.87789414
D'Ernest Johnson,Cle,RB,340,205,7.13,7.6,0.0,1.3,1.4,0.0,2.905,0.0,2.541875,13.03982332,0.01558752998,0.0,0.001027749229,14.49539226,0.1123501199,0.7081363481,0.1963331099,0.0,,0.0,0.0,0.0,,,,,,,0.0,2.856013208,32.269065,0.2103927702,1.540232881,11.87789414
Justin Hardy,Atl,WR,344,187,8.73,0.0,1.4,0.0,1.33,0.0,4.27,4.53,2.5325,13.03982332,0.01558752998,0.0,0.001027749229,14.49539226,0.1123501199,0.7081363481,0.1963331099,0.0,,0.0,0.0,0.0,,,,,,,0.0,2.856013208,32.269065,0.2103927702,1.540232881,11.87789414
Dwayne Harris,Oak,WR,243,144,12.47,4.1,0.0,0.0,0.0,0.0,0.0,1.8,2.29625,13.03982332,0.01558752998,0.0,0.001027749229,14.49539226,0.1123501199,0.7081363481,0.1963331099,0.0,,0.0,0.0,0.0,,,,,,,0.0,2.856013208,32.269065,0.2103927702,1.540232881,11.87789414
Damion Willis,Cin,WR,284,209,7.0,1.4,0.0,1.53,7.53,0.0,0.0,0.0,2.1825,13.03982332,0.01558752998,0.0,0.001027749229,14.49539226,0.1123501199,0.7081363481,0.1963331099,0.0,,0.0,0.0,0.0,,,,,,,0.0,2.856013208,32.269065,0.2103927702,1.540232881,11.87789414
Andy Isabella,Ari,WR,330,189,8.6,0.0,1.9,0.5,1.1,0.0,3.53,0.0,1.95375,13.03982332,0.01558752998,0.0,0.001027749229,14.49539226,0.1123501199,0.7081363481,0.1963331099,0.0,,0.0,0.0,0.0,,,,,,,0.0,2.856013208,32.269065,0.2103927702,1.540232881,11.87789414
Kelvin Harmon,Was,WR,415,224,6.07,0.0,0.0,3.93,1.27,1.53,0.0,2.8,1.95,13.03982332,0.01558752998,0.0,0.001027749229,14.49539226,0.1123501199,0.7081363481,0.1963331099,0.0,,0.0,0.0,0.0,,,,,,,0.0,2.856013208,32.269065,0.2103927702,1.540232881,11.87789414
Chad Beebe,Min,WR,257,276,3.9,8.57,2.1,0.0,0.0,0.0,0.0,0.0,1.82125,13.03982332,0.01558752998,0.0,0.001027749229,14.49539226,0.1123501199,0.7081363481,0.1963331099,0.0,,0.0,0.0,0.0,,,,,,,0.0,2.856013208,32.269065,0.2103927702,1.540232881,11.87789414
Patrick Ricard,Bal,RB,661,166,10.07,1.2,0.0,0.0,0.0,1.4,0.0,1.81,1.81,13.03982332,0.01558752998,0.0,0.001027749229,14.49539226,0.1123501199,0.7081363481,0.1963331099,0.0,,0.0,0.0,0.0,,,,,,,0.0,2.856013208,32.269065,0.2103927702,1.540232881,11.87789414
Derrius Guice,Was,RB,108,206,7.13,7.13,0.0,0.0,0.0,0.0,0.0,0.0,1.7825,13.03982332,0.01558752998,0.0,0.001027749229,14.49539226,0.1123501199,0.7081363481,0.1963331099,0.0,,0.0,0.0,0.0,,,,,,,0.0,2.856013208,32.269065,0.2103927702,1.540232881,11.87789414
Robert Tonyan,GB,TE,351,278,3.87,0.0,1.27,2.73,3.53,0.0,0.0,0.0,1.425,13.03982332,0.01558752998,0.0,0.001027749229,14.49539226,0.1123501199,0.7081363481,0.1963331099,0.0,,0.0,0.0,0.0,,,,,,,0.0,2.856013208,32.269065,0.2103927702,1.540232881,11.87789414
Travis Benjamin,LAC,WR,254,280,3.8,0.0,3.33,0.0,2.87,1.0,0.0,0.0,1.375,13.03982332,0.01558752998,0.0,0.001027749229,14.49539226,0.1123501199,0.7081363481,0.1963331099,0.0,,0.0,0.0,0.0,,,,,,,0.0,2.856013208,32.269065,0.2103927702,1.540232881,11.87789414
Deon Cain,Ind,WR,358,220,6.33,0.0,2.67,0.0,1.47,0.0,0.0,0.0,1.30875,13.03982332,0.01558752998,0.0,0.001027749229,14.49539226,0.1123501199,0.7081363481,0.1963331099,0.0,,0.0,0.0,0.0,,,,,,,0.0,2.856013208,32.269065,0.2103927702,1.540232881,11.87789414
Alex Armah,Car,RB,612,243,5.1,0.0,1.53,0.0,1.27,0.4,1.38333333333333,0.0,1.21041666666667,13.03982332,0.01558752998,0.0,0.001027749229,14.49539226,0.1123501199,0.7081363481,0.1963331099,0.0,,0.0,0.0,0.0,,,,,,,0.0,2.856013208,32.269065,0.2103927702,1.540232881,11.87789414
Breshad Perriman,TB,WR,253,256,4.67,0.0,4.7,0.0,0.0,0.0,0.0,0.0,1.17125,13.03982332,0.01558752998,0.0,0.001027749229,14.49539226,0.1123501199,0.7081363481,0.1963331099,0.0,,0.0,0.0,0.0,,,,,,,0.0,2.856013208,32.269065,0.2103927702,1.540232881,11.87789414
Tommy Sweeney,Buf,TE,929,239,5.33,0.0,1.2,0.0,0.0,1.306,0.0,0.0,0.9795,13.03982332,0.01558752998,0.0,0.001027749229,14.49539226,0.1123501199,0.7081363481,0.1963331099,0.0,,0.0,0.0,0.0,,,,,,,0.0,2.856013208,32.269065,0.2103927702,1.540232881,11.87789414
Ryan Grant,GB,WR,246,245,5.07,0.87,0.0,0.0,0.0,0.0,0.0,0.0,0.7425,13.03982332,0.01558752998,0.0,0.001027749229,14.49539226,0.1123501199,0.7081363481,0.1963331099,0.0,,0.0,0.0,0.0,,,,,,,0.0,2.856013208,32.269065,0.2103927702,1.540232881,11.87789414
Josh Bellamy,NYJ,WR,377,296,3.0,1.33,0.0,1.44333333333333,0.0,0.0,0.0,0.0,0.721666666666666,13.03982332,0.01558752998,0.0,0.001027749229,14.49539226,0.1123501199,0.7081363481,0.1963331099,0.0,,0.0,0.0,0.0,,,,,,,0.0,2.856013208,32.269065,0.2103927702,1.540232881,11.87789414
