l_name,l_team,l_pos,l_proj,l_points1,l_points2,l_points3,l_points4,l_points5,l_points6,l_points7,l_points8,l_points9,l_ppgcurrent,l_pointspg18,l_passydpg18,l_passtdpg18,l_passintpg18,l_rushydpg18,l_rushtdpg18,l_rush1stpg18,l_receptspg18,l_recydspg18,l_rectdpg18,l_rec1stpg18,l_touchdown18,l_ppr18,opp_1,opp_2,opp_3,opp_4,opp_5,opp_6,opp_7,opp_8,opp_9,opp_10,opp_11,opp_12,opp_13,opp_14,opp_15,opp_16,opp_17,good_opp,med_opp,bad_opp
Todd Gurley II,LAR,RB,35,15.97,18.57,5.30,23.20,18.50,0,17.97,12.40,13.98,13.9877777777778,30.1978571428571,0,0,0,103.571428571429,1.14285714285714,4.71428571428571,3.42857142857143,31.4285714285714,0,1.57142857142857,1.30612244897959,11.75510204081630,3,1,3,1,1,1,2,3,0,2,2,1,2,1,2,1,2,3,6,7
Christian McCaffrey,Car,RB,3,46.20,10.77,29.63,38.03,53.67,22.83,33.5216666666667,29.23,42.93,34.0901851851852,28.0375,0,0,0,103,1.16666666666667,3.66666666666667,5.83333333333333,50.8333333333333,0.333333333333333,3,2.25000000000001,34.02777777777770,2,1,2,2,1,1,0,1,2,3,2,1,3,2,1,1,1,2,6,8
Alvin Kamara,NO,RB,1,28.50,8.50,42.03,17.23,21.52,13.43,0,0,16.40,16.4011111111111,27.958,0,0,0,0,0,0,8.85714285714286,109,0.428571428571429,5.28571428571429,0.183673469387755,78.44897959183680,2,2,1,2,1,1,2,2,0,2,1,3,2,1,1,2,3,2,8,6
Saquon Barkley,NYG,RB,2,23.27,25.57,7.80,0,0,0,18.73,34.67,16.27,14.0344444444444,26.735625,0,0,0,35.4285714285714,0.428571428571429,2.42857142857143,7,69.7142857142857,0.571428571428571,3.14285714285714,1,49,2,2,1,3,1,1,2,3,2,3,0,2,3,1,2,3,1,5,6,5
Ezekiel Elliott,Dal,RB,31,13.97,23.70,24.43,16.50,20.13,31.70,30.50,22.99,21.9,22.8688888888889,26.68,0,0,0,0,0,0,7.16666666666667,110.333333333333,1,6.33333333333333,1,51.36111111111120,2,3,3,1,3,3,1,0,2,1,3,1,2,2,2,1,3,6,5,5
Davante Adams,GB,WR,16,9.40,21.07,10.73,29.00,0,0,0,0,12.73,9.21444444444444,24.8933333333333,0,0,0,7,0,0.428571428571429,2.28571428571429,16,0,0.571428571428571,0,5.22448979591839,1,3,1,2,1,3,3,1,2,2,0,1,3,2,1,3,3,6,4,6
Tyreek Hill,KC,WR,6,4.57,0,0,0,0,29.33,16.93,16.57,29.83,10.8033333333333,24.625,0,0,0,0,0,0,2,18.5714285714286,0.142857142857143,1.14285714285714,0.0204081632653062,4,2,3,2,3,2,3,1,1,3,1,2,0,3,1,1,1,2,5,5,6
James Conner,Pit,RB,29,11.03,13.10,11.23,33.73,11.50,36.30,19.4816666666667,29.83,0,18.4668518518519,24.4176923076923,0,0,0,86,0.857142857142857,5,3.42857142857143,25.1428571428571,0,1.14285714285714,0.73469387755102,11.75510204081630,1,1,1,3,1,2,0,3,1,2,3,3,3,2,2,3,1,6,4,6
DeAndre Hopkins,Hou,WR,8,37.40,10.67,13.47,6.73,17.87,21.67,31.07,26.37,22.80,20.8944444444444,24.00625,0,0,0,0,0,0,1.4,28.6,0.4,1,0.16,2.0,2,2,2,2,3,1,2,3,2,0,2,2,1,1,1,3,1,3,8,5
Julio Jones,Atl,WR,15,20.07,32.07,31.53,10.57,7.80,21.20,16.20,29.13,21.07,21.0711111111111,22.9375,0,0,0,17.1666666666667,0.166666666666667,1,1.33333333333333,10.8333333333333,0,0.666666666666667,0.0277777777777779,1.77777777777777,3,2,2,1,3,3,2,2,0,2,2,3,2,2,1,2,3,5,9,2
Michael Thomas,NO,WR,7,24.20,19.93,20.60,18.33,48.13,17.93,24.73,33.57,25.9275,25.9275,22.604375,0,0,0,11.1428571428571,0,0.428571428571429,0.428571428571429,2.71428571428571,0,0.142857142857143,0,0.183673469387755,3,2,2,1,3,2,1,3,0,3,3,2,3,1,2,1,2,6,6,4
Odell Beckham Jr.,Cle,WR,20,14.73,28.73,12.73,4.33,5.50,16.73,13.7916666666667,10.47,14.30,13.4790740740741,22.1891666666667,0,0,0,0,0,0,2.5,30.75,0.25,1,0.0625,6.3,1,3,2,2,1,2,0,1,1,1,3,2,3,1,3,2,1,4,5,7
Adam Thielen,Min,WR,27,15.87,12.00,21.77,2.40,38.67,20.80,11.67,0,0,13.6866666666667,22.158125,0,0,0,27.4,0,1.2,1.8,11.6,0,0.6,0,3.2,3,1,3,1,3,2,3,2,1,1,1,0,2,3,2,1,1,5,4,7
Julian Edelman,NE,WR,34,18.61,8.50,24.13,6.00,28.33,21.53,17.03,32.90,18.93,19.5511111111111,21.2075,0,0,0,0,0,0,1.71428571428571,21.8571428571429,0,1,0,2.93877551020407,3,2,3,1,2,3,3,2,2,0,2,1,3,1,1,1,2,5,6,5
Travis Kelce,KC,TE,38,10.87,28.13,17.93,18.67,12.67,10.87,11.93,20.20,15.13,16.2666666666667,21.129375,0,0,0,0,0,0,6.25,94.5,0,5,0,39.06,2,3,1,3,3,2,2,3,2,2,1,0,3,1,2,3,1,6,6,4
Joe Mixon,Cin,RB,41,3.47,7.37,23.27,13.27,16.37,5.93,10.33,25.33,13.1675,13.1675,20.9664285714286,0,0,0,0.571428571428571,0,0,7.28571428571429,81.7142857142857,0.571428571428571,3.57142857142857,0.326530612244897,53.08163265306130,1,1,2,2,2,1,1,2,0,1,2,2,3,3,1,3,3,4,6,6
JuJu Smith-Schuster,Pit,WR,11,15.20,14.60,17.40,4.00,21.00,1.47,12.28,23.87,5.07,12.77,20.773125,0,0,0,25.6666666666667,0.333333333333333,1.66666666666667,0.166666666666667,1.66666666666667,0,0,0.111111111111111,0.027777777777778,1,2,1,1,2,2,0,2,2,2,2,1,2,3,1,3,2,2,9,5
Zach Ertz,Phi,TE,56,11.60,16.80,11.27,16.33,18.80,7.60,6.53,4.33,31.87,13.9033333333333,20.220625,0,0,0,0,0,0,2.57142857142857,30.5714285714286,0.428571428571429,1.85714285714286,0.183673469387755,6.61224489795918,2,2,3,3,1,2,3,1,3,0,1,3,2,1,2,3,1,6,5,5
Mike Evans,TB,WR,21,5.87,11.07,51.67,20.93,0,22.40,18.6566666666667,48.20,44,24.7551851851852,20.1625,0,0,0,0,0,0,1.71428571428571,17.2857142857143,0.142857142857143,1,0.0204081632653062,2.93877551020407,1,2,3,2,2,2,0,1,2,3,2,3,2,2,3,3,3,6,8,2
Stefon Diggs,Min,WR,61,5.47,11.27,5.00,15.20,7.93,49.93,22.53,18.53,3.47,15.4811111111111,20.1513333333333,0,0,0,0,0,0,2.16666666666667,29.3333333333333,0,1.5,0,4.69444444444446,3,1,3,1,3,2,3,2,1,1,1,0,2,3,2,1,1,5,4,7
James White,NE,RB,73,15.33,15.27,0,0,16.67,16.97,12.93,10.40,16.87,11.6044444444444,19.723125,0,0,0,102.142857142857,0.142857142857143,4.57142857142857,4,29,0,1.85714285714286,0.0204081632653062,16,2,3,3,2,3,2,3,3,1,0,1,2,2,3,3,2,3,8,6,2
Tyler Lockett,Sea,WR,23,12.93,20.27,43.17,11.20,20.90,16.40,16.77,19.77,50.63,23.56,19.614375,0,0,0,0.166666666666667,0.166666666666667,0.166666666666667,2.66666666666667,21.6666666666667,0,0.5,0.0277777777777779,7.11111111111113,1,3,2,3,2,2,2,3,3,1,0,2,3,2,2,3,1,6,7,3
Cooper Kupp,LAR,WR,128,13.07,17.60,39.73,28.87,30.80,5.13,11.33,36.67,22.9,22.9,19.57875,0,0,0,0,0,0,1.16666666666667,10.1666666666667,0,0.666666666666667,0,1.36111111111112,2,2,2,3,2,1,3,1,0,3,1,2,3,2,1,1,3,5,6,5
Robert Woods,LAR,WR,63,18.27,6.10,10.47,33.93,10.20,6.60,14.93,6.00,13.3125,13.3125,19.373125,0,0,0,51,0.333333333333333,2,1.66666666666667,9.33333333333333,0,0,0.111111111111111,2.77777777777779,2,2,2,3,2,1,3,1,0,3,1,2,3,2,1,1,3,5,6,5
Tarik Cohen,Chi,RB,69,16.87,6.97,4.83,14.17,17.80,12.128,12.87,13.37,7.90,11.8786666666667,19.129375,0,0,0,1.14285714285714,0,0,5.71428571428571,73.5714285714286,0.571428571428571,3.57142857142857,0.326530612244897,32.65306122448970,3,2,3,1,2,0,1,2,1,3,2,2,3,2,3,3,1,6,6,4
T.Y. Hilton,Ind,WR,86,32.80,16.87,23.33,0,9.47,16.494,23.93,6.60,0,14.3882222222222,18.8478571428571,0,0,0,0,0,0,1.142857143,14.71428571,0.142857143,1,0.020408163,1.306122449,2,1,3,3,1,0,3,1,3,2,2,3,1,3,2,2,2,6,6,4
Keenan Allen,LAC,WR,40,29.20,21.53,49.50,9.20,8.20,6.20,12.07,12.53,7.67,17.3444444444444,18.795625,0,0,0,18,1,2,,,,,,,2,3,3,2,1,3,1,1,1,3,1,0,1,2,3,3,1,6,3,7
Phillip Lindsay,Den,RB,85,12.83,15.60,29.37,8.77,27.60,16.33,6.33,15.03,16.20,16.4511111111111,18.6246666666667,0,0,0,0,0,0,5.42857142857143,88.7142857142857,0.714285714285714,3.57142857142857,0.510204081632653,29.46938775510210,2,2,3,1,2,2,3,1,3,0,1,2,2,2,3,3,2,5,8,3
David Johnson,Ari,RB,9,29.87,8.40,26.57,24.60,24.43,31.93,0.20,0,0,16.2222222222222,18.545625,0,0,0,81.2857142857143,0.285714285714286,5.14285714285714,3.14285714285714,21.2857142857143,0.285714285714286,0.857142857142857,0.326530612244899,9.87755102040815,3,1,3,1,3,2,2,1,1,1,1,0,2,2,3,1,2,4,5,7
Tyler Boyd,Cin,WR,75,15.30,24.13,14.53,7.20,31.10,3.67,8.67,13.63,14.77875,14.77875,18.2021428571429,0,0,0,27,0,0.666666666666667,3,11.3333333333333,0.333333333333333,0.666666666666667,0.111111111111111,9,2,1,1,3,3,2,2,2,0,2,3,3,3,2,1,2,2,5,8,3
Emmanuel Sanders,SF,WR,99,21.73,32.53,3.67,15.93,2.60,1.00,12.00,16.67,28.47,14.9555555555556,17.8575,0,0,0,47.3333333333333,0,1.66666666666667,2,4.33333333333333,0,0,0,4,3,2,3,0,1,1,1,1,3,2,3,1,2,2,3,2,2,5,6,5
George Kittle,SF,TE,62,15.60,8.60,12.80,12.33,25.47,18.87,8.53,16.73,22.27,15.6892592592593,17.7375,0,0,0,0,0,0,6,85.6666666666667,0.666666666666667,5,0.444444444444445,36,3,1,3,0,2,2,2,1,3,3,3,3,1,1,2,2,3,7,5,4
Marlon Mack,Ind,RB,81,34.40,12.90,20.33,5.90,24.27,19.56,8.20,19.53,14.90,17.7766666666667,17.6391666666667,0,0,0,67.1428571428571,1,4,1.71428571428571,13.7142857142857,0,0.857142857142857,1,2.93877551020407,3,2,2,2,3,0,2,2,2,3,1,2,2,1,1,3,1,4,8,4
Chris Carson,Sea,RB,57,27.87,13.80,5.07,27.13,30.13,29.73,15.10,19.00,16.37,20.4666666666667,17.5692857142857,0,0,0,0.142857142857143,0,0,5.71428571428571,80,0.571428571428571,4.28571428571429,0.326530612244897,32.65306122448970,3,2,1,2,2,3,1,2,1,1,0,1,1,2,3,2,1,3,6,7
Leonard Fournette,Jax,RB,39,15.47,16.37,17.33,35.83,28.73,21.27,25.03,22.60,15.13,21.9733333333333,17.40375,0,0,0,0,0,0,4.16666666666667,64.1666666666667,0.666666666666667,3.66666666666667,0.444444444444445,17.36111111111110,3,2,2,2,3,1,3,3,2,0,1,2,1,2,2,2,1,4,8,4
Will Fuller V,Hou,WR,117,8.60,8.67,12.40,5.53,59.47,9.93,1.40,0,0,11.7777777777778,17.2185714285714,0,0,0,0,0,0,1.5,10,0,0,0,2.3,2,2,2,2,3,1,2,3,2,0,2,2,1,1,1,3,1,3,8,5
Kerryon Johnson,Det,RB,46,10.77,22.23,13.07,22.63,17.175,14.20,2.30,0,0,11.375,17.13,0,0,0,42,0,2.28571428571429,3.85714285714286,29.8571428571429,0.428571428571429,1.14285714285714,0.183673469387755,14.87755102040820,2,2,1,3,0,3,1,2,2,2,2,3,2,1,1,2,3,4,8,4
Brandin Cooks,LAR,WR,64,6.60,19.13,24.27,14.73,7.63,6.60,10.93,0,11.2365,11.2362777777778,17.004375,0,0,0,0,0,0,1.71428571428571,15.5714285714286,0.142857142857143,0.428571428571429,0.0204081632653062,2.93877551020407,2,2,2,3,2,1,3,1,0,3,1,2,3,2,1,1,3,5,6,5
Aaron Jones,GB,RB,65,5.90,28.87,15.17,17.57,51.70,8.57,24.20,47.30,4.93,22.69,16.9608333333333,0,0,0,72.2857142857143,0.714285714285714,4,1,17.1428571428571,0.142857142857143,0.285714285714286,0.73469387755102,1,2,1,2,1,2,3,2,3,2,3,0,1,2,3,2,1,3,5,7,4
Alshon Jeffery,Phi,WR,88,25.47,0.00,0.00,16.53,12.47,30.07,6.53,12.27,10.40,12.6377777777778,16.7076923076923,0,0,0,9,0,0.4,2,20,0,1,0,4,2,3,3,1,3,3,1,1,1,0,1,2,2,3,2,1,3,6,4,6
Amari Cooper,Dal,WR,49,26.07,16.93,32.87,10.20,41.07,1.20,16.07,20.63,19.33,20.4855555555556,16.6666666666667,0,0,0,8.14285714285714,0,0.428571428571429,2,8.71428571428571,0,0.285714285714286,0,4,3,2,2,2,1,3,2,0,3,3,3,1,1,1,2,2,2,5,7,4
Dalvin Cook,Min,RB,13,26.70,30.87,27.20,19.83,29.93,16.97,33.67,32.67,19.10,26.3266666666667,16.2572727272727,0,0,0,61.8571428571429,0.571428571428571,2.85714285714286,2.85714285714286,20.4285714285714,0,1.14285714285714,0.326530612244897,8.16326530612247,2,3,2,2,2,1,3,3,3,2,2,0,1,3,2,3,2,6,8,2
Kenyan Drake,Mia,RB,126,5.20,9.83,11.07,12.33,0,15.50,8.57,0,34.47,10.7744444444444,16.225,0,0,0,0,0,0,6.57142857142857,75.1428571428571,0.571428571428571,3.71428571428571,0.326530612244897,43.18367346938770,3,1,3,1,3,2,2,1,1,1,1,0,2,2,3,1,2,4,5,7
Kenny Golladay,Det,WR,66,17.80,30.80,4.13,30.47,20.8,18.07,3.40,33.20,24.80,20.3855555555556,15.8446666666667,0,0,0,1.42857142857143,0,0.142857142857143,1.28571428571429,23,0,0.571428571428571,0,1.65306122448981,3,2,2,1,0,1,3,3,3,1,1,2,1,3,3,1,1,6,3,7
Calvin Ridley,Atl,WR,98,20.27,29.00,2.40,6.13,22.87,18.20,8.00,14.67,15.1925,15.1925,15.276875,0,0,0,0,0,0,1.71428571428571,20.7142857142857,0,0.857142857142857,0,2.93877551020407,3,2,2,1,3,3,2,2,0,2,2,3,2,2,1,2,3,5,9,2
Jakeem Grant,Mia,WR,93,4.70,9.47,9.90,13.40,9.3675,0,0,14.43,10.80,8.0075,15.267,0,0,0,0,0,0,0.6,10,0,0.6,0,0.4,2,1,1,2,0,2,1,3,3,2,1,2,2,3,3,1,1,4,6,6
Marvin Jones Jr.,Det,WR,106,11.13,9.87,25.73,11.13,14.465,4.13,55.20,5.47,30.40,18.6138888888889,15.0966666666667,0,0,0,18,0,0,3,20,0,1,0,9,3,2,2,1,0,1,3,3,3,1,1,2,1,3,3,1,1,6,3,7
Jarvis Landry,Cle,WR,90,12.47,10.93,10.13,24.13,13.00,6.90,12.9266666666667,13.33,21.40,13.912962962963,14.986875,0,0,0,0,0,0,0.2,0.8,0,0,0,0.0,1,3,2,2,1,2,0,1,1,1,3,2,3,1,3,2,1,4,5,7
Tevin Coleman,SF,RB,83,8.50,0,0,13.18,18.70,15.57,10.13,39.37,9.17,12.7355555555556,14.8375,0,0,0.142857142857143,0,0,0,7,72.5714285714286,0.428571428571429,4.57142857142857,0.183673469387755,49,1,3,2,0,3,2,3,3,2,1,2,3,1,1,2,2,1,5,6,5
Dede Westbrook,Jax,WR,67,17.20,1.50,10.57,12.90,18.17,9.53,20.77,2.20,0,10.3155555555556,14.80625,0,0,0,18.1666666666667,0,0.5,1.16666666666667,12.1666666666667,0,0.166666666666667,0,1.36111111111112,1,3,1,1,2,2,1,3,3,0,2,1,3,2,3,3,2,6,5,5
Sony Michel,NE,RB,113,4.40,17.30,6.10,8.30,24.23,17.40,23.67,12.40,5.60,13.2666666666667,14.6253846153846,0,0,0,0.666666666666667,0,0,5,64.5,0.833333333333333,3.5,0.694444444444444,25,2,3,3,2,3,2,3,3,1,0,1,2,2,3,3,2,3,8,6,2
Nick Chubb,Cle,RB,24,14.17,21.60,20.93,38.70,13.50,28.33,22.8716666666667,16.57,17.23,21.5446296296296,14.345625,0,0,0,101.166666666667,1,3.33333333333333,3.33333333333333,21.3333333333333,0,1,1,11.11111111111110,2,3,2,1,1,1,0,1,2,2,2,3,2,3,2,1,3,4,7,5
Derrick Henry,Ten,RB,89,31.40,22.00,12.53,17.53,15.80,4.13,20.20,10.03,28.70,18.0355555555556,14.31625,0,0,0,2.85714285714286,0,0.142857142857143,4.71428571428571,83,0.714285714285714,3.14285714285714,0.510204081632653,22.22448979591830,3,1,1,2,2,2,2,1,3,3,0,1,1,2,2,1,2,3,7,6
Matt Breida,SF,RB,102,6.70,18.83,14.13,14.076,30.40,13.40,6.57,8.50,12.73,13.9262222222222,14.2714285714286,0,0,0,0.142857142857143,0.142857142857143,0.142857142857143,3.85714285714286,55.8571428571429,0.857142857142857,2.42857142857143,1,14.87755102040820,1,3,2,0,3,2,3,3,2,1,2,3,1,1,2,2,1,5,6,5
Austin Ekeler,LAC,RB,52,45.20,24.07,18.60,36.13,25.43,7.33,28.57,12.57,17.53,23.9366666666667,14.1664285714286,0,0,0,2.57142857142857,0,0.142857142857143,4.28571428571429,80.2857142857143,0.571428571428571,2.71428571428571,0.326530612244897,18.36734693877550,1,3,2,3,2,2,2,2,3,2,3,0,2,1,1,2,3,5,8,3
O.J. Howard,TB,TE,92,6.13,0,10.40,7.20,2.67,5.33,5.28833333333333,0,0,4.11314814814815,13.967,0,0,0,4.5,0,0.25,6,60.5,0,3.25,0,36,1,1,1,3,1,1,0,2,3,3,1,2,2,3,3,2,2,5,5,6
DeSean Jackson,Phi,WR,136,40.27,0,0,0,0,0,0,0,1.33,4.62222222222222,13.9083333333333,0,0,0,8.28571428571429,0,0.428571428571429,0.571428571428571,5.85714285714286,0,0.285714285714286,0,0.326530612244897,2,3,3,1,3,3,1,1,1,0,1,2,2,3,2,1,3,6,4,6
Jared Cook,NO,TE,112,6.47,5.67,1.47,4.40,17.73,16.47,0,0,6.5265,6.52627777777778,13.858125,0,0,0,13.1666666666667,0,0.5,4.5,46,0,1.5,0,20.3,2,2,3,3,3,2,3,3,0,2,3,1,2,1,3,2,1,7,6,3
Mark Ingram II,Bal,RB,71,21.70,13.70,38.43,11.10,14.73,20.67,7.07,18.2,19.43,18.3366666666667,13.8191666666667,0,0,0,0,0,0,4.5,77.3333333333333,0.666666666666667,3.33333333333333,0.444444444444445,20.3,3,2,3,3,2,3,1,0,1,3,2,2,1,2,3,3,2,7,6,3
Chris Godwin,TB,WR,70,17.53,29.07,8.67,51.47,38.33,28.07,28.8566666666667,11.87,12.87,25.192962962963,13.695625,0,0,0,24.5,0.25,0.5,0.75,8.5,0,0.25,0.0625,0.56,1,2,3,2,2,2,0,1,2,3,2,3,2,2,3,3,3,6,8,2
Jordan Howard,Phi,RB,170,9.13,5.33,10.70,36.57,14.20,5.90,10.40,19.60,18.27,14.4555555555556,13.573125,2.16666666666667,0,0,62.1666666666667,0.166666666666667,3,5.5,46,0.166666666666667,2,0.111111111111112,30.3,3,2,3,3,3,1,2,2,2,0,1,1,3,2,3,2,2,6,7,3
Curtis Samuel,Car,WR,105,7.13,14.27,20.53,6.23,8.77,25.47,13.7333333333333,10.07,20.27,14.0525925925926,13.4023076923077,0,0,0,7.42857142857143,0,0.285714285714286,0.285714285714286,2,0.142857142857143,0.142857142857143,0.0204081632653062,0.081632653061225,2,3,3,3,2,3,0,1,1,1,3,2,2,3,2,2,2,6,7,3
Mike Williams,LAC,WR,82,4.93,11.53,9.00,0,14.93,14.80,10.13,9.60,12.60,9.72444444444444,13.379375,0,0,0,11.8,0,0.4,1,4.2,0,0.2,0,1,2,3,3,2,1,3,1,1,1,3,1,0,1,2,3,3,1,6,3,7
Larry Fitzgerald,Ari,WR,116,26.53,14.93,18.40,11.13,12.87,13.60,2.80,3.53,7.53,12.3688888888889,13.263125,0,0,0,0,0,0,1,19,0.166666666666667,0.666666666666667,0.0277777777777779,1,3,2,2,2,1,3,3,2,1,3,1,0,2,3,2,2,2,5,8,3
Sterling Shepard,NYG,WR,94,11.80,0,29.77,20.37,11.07,0,0,0,0,8.11222222222222,13.258125,0,0,0,7.16666666666667,0.333333333333333,1,0.5,4.83333333333333,0,0.333333333333333,0.111111111111111,0.3,1,1,3,2,3,1,3,3,1,3,0,1,1,2,2,2,2,5,5,6
Allen Robinson II,Chi,WR,96,18.80,8.73,14.00,17.13,35.47,18.826,28.80,11.13,1.40,17.1428888888889,13.2438461538462,0,0,0,0,0,0,1.5,12.3333333333333,0,0.5,0,2.3,1,1,2,3,3,0,2,2,2,3,2,3,3,1,1,1,3,6,5,5
Alex Armah,Car,RB,612,5.10,0,1.53,0,1.27,0.40,1.38333333333333,0,0,1.07592592592593,13.03982332,0.01558752998,0,0.001027749229,14.49539226,0.1123501199,0.7081363481,2.856013208,32.269065,0.2103927702,1.540232881,0.1963331099,11.87789414,2,1,2,2,1,1,0,1,2,3,2,1,3,2,1,1,1,2,6,8
Alexander Mattison,Min,RB,338,6.90,4.50,12.80,3.03,7.20,6.30,1.80,10.30,0.60,5.93666666666667,13.03982332,0.01558752998,0,0.001027749229,14.49539226,0.1123501199,0.7081363481,2.856013208,32.269065,0.2103927702,1.540232881,0.1963331099,11.87789414,2,3,2,2,2,1,3,3,3,2,2,0,1,3,2,3,2,6,8,2
D'Ernest Johnson,Cle,RB,340,7.13,7.60,0,1.30,1.40,0,2.905,0,17.43,4.19611111111111,13.03982332,0.01558752998,0,0.001027749229,14.49539226,0.1123501199,0.7081363481,2.856013208,32.269065,0.2103927702,1.540232881,0.1963331099,11.87789414,2,3,2,1,1,1,0,1,2,2,2,3,2,3,2,1,3,4,7,5
Dare Ogunbowale,TB,RB,260,6.20,1.60,4.53,4.07,7.30,10.77,5.745,2.00,7.90,5.56833333333333,13.03982332,0.01558752998,0,0.001027749229,14.49539226,0.1123501199,0.7081363481,2.856013208,32.269065,0.2103927702,1.540232881,0.1963331099,11.87789414,1,3,2,2,1,3,0,2,1,2,1,2,1,1,3,2,2,3,7,6
David Montgomery,Chi,RB,110,7.60,15.60,13.63,11.23,10.23,11.658,1.47,32.30,22.40,14.0131111111111,13.03982332,0.01558752998,0,0.001027749229,14.49539226,0.1123501199,0.7081363481,2.856013208,32.269065,0.2103927702,1.540232881,0.1963331099,11.87789414,3,2,3,1,2,0,1,2,1,3,2,2,3,2,3,3,1,6,6,4
Derrius Guice,Was,RB,108,7.13,7.13,0,0,0,0,0,0,0,1.58444444444444,13.03982332,0.01558752998,0,0.001027749229,14.49539226,0.1123501199,0.7081363481,2.856013208,32.269065,0.2103927702,1.540232881,0.1963331099,11.87789414,1,2,2,2,1,3,1,1,2,0,3,3,3,3,1,2,2,5,6,5
Devin Singletary,Buf,RB,202,17.87,11.70,0,0,0,0,2.60,17.90,75.57,13.96,13.03982332,0.01558752998,0,0.001027749229,14.49539226,0.1123501199,0.7081363481,2.856013208,32.269065,0.2103927702,1.540232881,0.1963331099,11.87789414,3,2,3,1,2,0,3,1,3,3,3,2,2,1,2,1,3,7,5,4
Devonta Freeman,Atl,RB,59,4.70,10.00,17.27,20.60,21.67,37.80,4.30,17.10,0,16.68,13.03982332,0.01558752998,0,0.001027749229,14.49539226,0.1123501199,0.7081363481,2.856013208,32.269065,0.2103927702,1.540232881,0.1963331099,11.87789414,1,1,1,2,2,2,2,1,0,1,3,1,1,3,1,1,1,2,4,10
J.D. McKissic,Det,RB,357,3.60,0.20,5.40,5.73,3.7325,2.87,8.97,3.03,20.87,6.04472222222222,13.03982332,0.01558752998,0,0.001027749229,14.49539226,0.1123501199,0.7081363481,2.856013208,32.269065,0.2103927702,1.540232881,0.1963331099,11.87789414,2,2,1,3,0,3,1,2,2,2,2,3,2,1,1,2,3,4,8,4
Josh Jacobs,Oak,RB,91,28.37,12.90,5.40,16.83,32.63,19.226,21.07,12.60,27.00,19.5584444444444,13.03982332,0.01558752998,0,0.001027749229,14.49539226,0.1123501199,0.7081363481,2.856013208,32.269065,0.2103927702,1.540232881,0.1963331099,11.87789414,2,3,1,1,2,0,2,2,3,2,3,3,3,2,1,2,2,5,8,3
Justice Hill,Bal,RB,311,5.60,7.67,4.80,6.80,5.30,4.10,2.10,5.12833333333333,3.10,4.95537037037037,13.03982332,0.01558752998,0,0.001027749229,14.49539226,0.1123501199,0.7081363481,2.856013208,32.269065,0.2103927702,1.540232881,0.1963331099,11.87789414,3,2,3,3,2,3,1,0,1,3,2,2,1,2,3,3,2,7,6,3
Le'Veon Bell,NYJ,RB,18,31.13,22.87,11.37,16.339,18.30,13.20,11.40,6.10,22.27,16.9976666666667,13.03982332,0.01558752998,0,0.001027749229,14.49539226,0.1123501199,0.7081363481,2.856013208,32.269065,0.2103927702,1.540232881,0.1963331099,11.87789414,2,3,1,0,1,2,1,1,3,2,3,2,3,3,1,2,2,5,6,5
Miles Sanders,Phi,RB,195,4.63,13.60,19.57,16.90,14.17,20.83,9.53,24.73,14.37,15.37,13.03982332,0.01558752998,0,0.001027749229,14.49539226,0.1123501199,0.7081363481,2.856013208,32.269065,0.2103927702,1.540232881,0.1963331099,11.87789414,3,2,3,3,3,1,2,2,2,0,1,1,3,2,3,2,2,6,7,3
Patrick Ricard,Bal,RB,661,10.07,1.20,0,0,0,1.40,0,1.81,2.53,1.89,13.03982332,0.01558752998,0,0.001027749229,14.49539226,0.1123501199,0.7081363481,2.856013208,32.269065,0.2103927702,1.540232881,0.1963331099,11.87789414,3,2,3,3,2,3,1,0,1,3,2,2,1,2,3,3,2,7,6,3
Ronald Jones II,TB,RB,185,14.70,1.90,15.73,15.80,9.90,6.00,10.6716666666667,7.63,18.70,11.2257407407407,13.03982332,0.01558752998,0,0.001027749229,14.49539226,0.1123501199,0.7081363481,2.856013208,32.269065,0.2103927702,1.540232881,0.1963331099,11.87789414,1,3,2,2,1,3,0,2,1,2,1,2,1,1,3,2,2,3,7,6
Darren Waller,Oak,TE,237,14.67,13.20,29.63,13.53,7.60,15.726,38.40,11.73,7.47,16.884,13.03982332,0.01558752998,0,0.001027749229,14.49539226,0.1123501199,0.7081363481,2.856013208,32.269065,0.2103927702,1.540232881,0.1963331099,11.87789414,2,2,2,3,3,0,3,2,3,1,1,1,2,2,2,1,2,4,8,4
Delanie Walker,Ten,TE,147,29.67,8.60,14.27,1.27,1.67,6.87,0,0,0,6.92777777777778,13.03982332,0.01558752998,0,0.001027749229,14.49539226,0.1123501199,0.7081363481,2.856013208,32.269065,0.2103927702,1.540232881,0.1963331099,11.87789414,2,3,2,2,1,2,1,3,1,2,0,2,3,3,2,1,2,4,8,4
Foster Moreau,Oak,TE,398,3.33,0,1.07,16.00,10.07,6.094,13.60,2.67,10.20,7.00377777777778,13.03982332,0.01558752998,0,0.001027749229,14.49539226,0.1123501199,0.7081363481,2.856013208,32.269065,0.2103927702,1.540232881,0.1963331099,11.87789414,2,2,2,3,3,0,3,2,3,1,1,1,2,2,2,1,2,4,8,4
Hunter Henry,LAC,TE,104,11.00,0,0,0,0,36.67,18.47,9.13,17.60,10.3188888888889,13.03982332,0.01558752998,0,0.001027749229,14.49539226,0.1123501199,0.7081363481,2.856013208,32.269065,0.2103927702,1.540232881,0.1963331099,11.87789414,3,3,2,2,2,3,2,3,3,3,2,0,2,2,2,3,2,7,9,0
Jason Witten,Dal,TE,258,13.00,15.67,8.60,8.33,6.93,10.80,9.20,10.3614285714286,13.87,10.7512698412698,13.03982332,0.01558752998,0,0.001027749229,14.49539226,0.1123501199,0.7081363481,2.856013208,32.269065,0.2103927702,1.540232881,0.1963331099,11.87789414,1,2,2,1,3,1,2,0,1,2,3,1,1,3,2,2,2,3,7,6
Mark Andrews,Bal,TE,178,29.20,29.47,5.00,16.07,10.00,14.60,5.60,15.7057142857143,5.40,14.5606349206349,13.03982332,0.01558752998,0,0.001027749229,14.49539226,0.1123501199,0.7081363481,2.856013208,32.269065,0.2103927702,1.540232881,0.1963331099,11.87789414,2,2,2,3,3,0,3,2,3,1,1,1,2,2,2,1,2,4,8,4
Noah Fant,Den,TE,248,4.43,9.20,5.47,13.07,1.40,4.07,1.47,8.73,69.50,13.0377777777778,13.03982332,0.01558752998,0,0.001027749229,14.49539226,0.1123501199,0.7081363481,2.856013208,32.269065,0.2103927702,1.540232881,0.1963331099,11.87789414,3,3,3,2,1,2,2,3,2,0,2,1,1,2,2,3,3,6,7,3
Robert Tonyan,GB,TE,351,3.87,0,1.27,2.73,3.53,0,0,0,0,1.26666666666667,13.03982332,0.01558752998,0,0.001027749229,14.49539226,0.1123501199,0.7081363481,2.856013208,32.269065,0.2103927702,1.540232881,0.1963331099,11.87789414,3,2,2,2,3,3,3,2,1,1,0,1,1,2,3,2,3,6,6,4
T.J. Hockenson,Det,TE,234,26.73,1.47,1.07,15.80,11.2675,6.40,7.13,3.40,9.73,9.22194444444444,13.03982332,0.01558752998,0,0.001027749229,14.49539226,0.1123501199,0.7081363481,2.856013208,32.269065,0.2103927702,1.540232881,0.1963331099,11.87789414,3,1,2,2,0,3,2,1,3,3,3,2,3,2,3,2,3,8,6,2
Tommy Sweeney,Buf,TE,929,5.33,0,1.20,0,0,1.306,0,0,0,0.870666666666667,13.03982332,0.01558752998,0,0.001027749229,14.49539226,0.1123501199,0.7081363481,2.856013208,32.269065,0.2103927702,1.540232881,0.1963331099,11.87789414,1,1,1,2,0,2,2,2,2,2,2,2,3,1,3,1,1,2,8,6
A.J. Brown,Ten,WR,275,11.67,5.67,1.27,28.27,4.80,5.53,14.07,11.73,13.40,10.7122222222222,13.03982332,0.01558752998,0,0.001027749229,14.49539226,0.1123501199,0.7081363481,2.856013208,32.269065,0.2103927702,1.540232881,0.1963331099,11.87789414,2,2,2,3,1,1,2,3,2,1,0,2,2,3,3,2,3,5,8,3
Albert Wilson,Mia,WR,211,3.97,0,0,0,0,7.00,3.47,10.33,1.20,2.88555555555556,13.03982332,0.01558752998,0,0.001027749229,14.49539226,0.1123501199,0.7081363481,2.856013208,32.269065,0.2103927702,1.540232881,0.1963331099,11.87789414,2,1,1,2,0,2,1,3,3,2,1,2,2,3,3,1,1,4,6,6
Allen Hurns,Mia,WR,320,3.47,1.87,1.40,0,1.685,4.07,8.53,10.80,4.07,3.98833333333333,13.03982332,0.01558752998,0,0.001027749229,14.49539226,0.1123501199,0.7081363481,2.856013208,32.269065,0.2103927702,1.540232881,0.1963331099,11.87789414,2,1,1,2,0,2,1,3,3,2,1,2,2,3,3,1,1,4,6,6
Andy Isabella,Ari,WR,330,8.60,0,1.90,0.50,1.10,0,3.53,0,15.87,3.5,13.03982332,0.01558752998,0,0.001027749229,14.49539226,0.1123501199,0.7081363481,2.856013208,32.269065,0.2103927702,1.540232881,0.1963331099,11.87789414,3,2,2,2,1,3,3,2,1,3,1,0,2,1,2,2,2,4,8,4
Bennie Fowler III,NYG,WR,397,9.67,14.40,1.33,2.20,0,0,8.33,4.40,6.47,5.2,13.03982332,0.01558752998,0,0.001027749229,14.49539226,0.1123501199,0.7081363481,2.856013208,32.269065,0.2103927702,1.540232881,0.1963331099,11.87789414,1,1,3,2,3,1,3,3,1,3,0,1,1,2,2,2,2,5,5,6
Breshad Perriman,TB,WR,253,4.67,0,4.70,0,0,0,0,0,17.80,3.01888888888889,13.03982332,0.01558752998,0,0.001027749229,14.49539226,0.1123501199,0.7081363481,2.856013208,32.269065,0.2103927702,1.540232881,0.1963331099,11.87789414,1,3,2,2,2,2,0,1,2,3,2,3,2,2,3,3,3,6,8,2
Chad Beebe,Min,WR,257,3.90,8.57,2.10,0,0,0,0,0,0,1.61888888888889,13.03982332,0.01558752998,0,0.001027749229,14.49539226,0.1123501199,0.7081363481,2.856013208,32.269065,0.2103927702,1.540232881,0.1963331099,11.87789414,3,1,3,1,3,2,3,2,1,1,1,0,2,3,2,1,1,5,4,7
Chris Conley,Jax,WR,266,25.47,12.87,5.00,3.13,3.73,0.00,12.53,21.87,6.13,10.0811111111111,13.03982332,0.01558752998,0,0.001027749229,14.49539226,0.1123501199,0.7081363481,2.856013208,32.269065,0.2103927702,1.540232881,0.1963331099,11.87789414,1,3,1,1,2,2,1,3,3,0,2,1,3,2,3,3,2,6,5,5
Cody Latimer,NYG,WR,273,9.93,8.00,0,0,0,0,9.20,7.97,30.63,7.30333333333333,13.03982332,0.01558752998,0,0.001027749229,14.49539226,0.1123501199,0.7081363481,2.856013208,32.269065,0.2103927702,1.540232881,0.1963331099,11.87789414,1,1,3,2,3,1,3,3,1,3,0,1,1,2,2,2,2,5,5,6
DaeSean Hamilton,Den,WR,190,3.33,4.00,0,9.80,0,5.67,2.27,0,0,2.78555555555556,13.03982332,0.01558752998,0,0.001027749229,14.49539226,0.1123501199,0.7081363481,2.856013208,32.269065,0.2103927702,1.540232881,0.1963331099,11.87789414,3,1,1,2,2,1,1,2,2,0,3,1,2,3,1,3,3,5,5,6
Damiere Byrd,Ari,WR,431,9.80,16.90,2.60,0,0,7.00,1.27,4.20,0,4.64111111111111,13.03982332,0.01558752998,0,0.001027749229,14.49539226,0.1123501199,0.7081363481,2.856013208,32.269065,0.2103927702,1.540232881,0.1963331099,11.87789414,3,2,2,2,1,3,3,2,1,3,1,0,2,3,2,2,2,5,8,3
Damion Ratley,Cle,WR,384,4.13,7.33,8.93,2.67,0,0,0,0,0,2.56222222222222,13.03982332,0.01558752998,0,0.001027749229,14.49539226,0.1123501199,0.7081363481,2.856013208,32.269065,0.2103927702,1.540232881,0.1963331099,11.87789414,1,3,2,2,1,2,0,1,1,1,3,2,3,1,3,2,1,4,5,7
Damion Willis,Cin,WR,284,7.00,1.40,0,1.53,7.53,0,0,0,0,2.1825,13.03982332,0.01558752998,0,0.001027749229,14.49539226,0.1123501199,0.7081363481,2.856013208,32.269065,0.2103927702,1.540232881,0.1963331099,11.87789414,2,1,1,3,3,2,2,2,0,2,3,3,3,2,1,2,2,5,8,3
Deebo Samuel,SF,WR,287,5.13,22.43,7.93,11.83,1.20,5.30,0,13.17,8.67,8.40666666666667,13.03982332,0.01558752998,0,0.001027749229,14.49539226,0.1123501199,0.7081363481,2.856013208,32.269065,0.2103927702,1.540232881,0.1963331099,11.87789414,3,1,3,0,2,2,2,2,3,2,3,1,2,2,3,2,2,5,9,2
Deon Cain,Ind,WR,358,6.33,0,2.67,0,1.47,0,0,0,0,1.16333333333333,13.03982332,0.01558752998,0,0.001027749229,14.49539226,0.1123501199,0.7081363481,2.856013208,32.269065,0.2103927702,1.540232881,0.1963331099,11.87789414,2,1,3,3,1,0,3,1,3,2,2,3,1,3,2,2,2,6,6,4
Deonte Harris,NO,WR,404,5.60,3.93,13.30,7.20,0.80,3.30,10.00,5.83,0,6.245,13.03982332,0.01558752998,0,0.001027749229,14.49539226,0.1123501199,0.7081363481,2.856013208,32.269065,0.2103927702,1.540232881,0.1963331099,11.87789414,3,2,2,1,3,2,1,3,0,3,3,2,3,1,2,1,2,6,6,4
DeVante Parker,Mia,WR,155,11.00,0,9.73,19.67,10.1,14.87,20.67,12.93,19.80,13.1966666666667,13.03982332,0.01558752998,0,0.001027749229,14.49539226,0.1123501199,0.7081363481,2.856013208,32.269065,0.2103927702,1.540232881,0.1963331099,11.87789414,2,1,1,2,0,2,1,3,3,2,1,2,2,3,3,1,1,4,6,6
Diontae Johnson,Pit,WR,354,4.67,4.23,17.07,18.13,7.80,3.93,9.305,22.60,1.40,9.90388888888889,13.03982332,0.01558752998,0,0.001027749229,14.49539226,0.1123501199,0.7081363481,2.856013208,32.269065,0.2103927702,1.540232881,0.1963331099,11.87789414,1,2,1,1,2,2,0,2,2,2,2,1,2,3,1,3,2,2,9,5
DK Metcalf,Sea,WR,191,12.93,18.07,8.47,1.40,13.93,13.00,7.53,21.87,28.90,14.0111111111111,13.03982332,0.01558752998,0,0.001027749229,14.49539226,0.1123501199,0.7081363481,2.856013208,32.269065,0.2103927702,1.540232881,0.1963331099,11.87789414,1,2,1,1,2,2,0,2,2,2,2,1,2,3,1,3,2,2,9,5
Dwayne Harris,Oak,WR,243,12.47,4.10,0,0,0,0,0,1.80,0,2.04111111111111,13.03982332,0.01558752998,0,0.001027749229,14.49539226,0.1123501199,0.7081363481,2.856013208,32.269065,0.2103927702,1.540232881,0.1963331099,11.87789414,1,1,3,2,1,0,1,3,3,2,1,3,1,1,2,2,1,4,4,8
Gunner Olszewski,NE,WR,1137,3.50,0.90,2.40,0,4.90,6.27,2.40,0.80,0,2.35222222222222,13.03982332,0.01558752998,0,0.001027749229,14.49539226,0.1123501199,0.7081363481,2.856013208,32.269065,0.2103927702,1.540232881,0.1963331099,11.87789414,3,2,3,1,2,3,3,2,2,0,2,1,3,1,1,1,2,5,6,5
Hunter Renfrow,Oak,WR,180,3.87,8.0,7.87,4.20,2.80,5.348,4.93,18.87,21.60,8.60977777777778,13.03982332,0.01558752998,0,0.001027749229,14.49539226,0.1123501199,0.7081363481,2.856013208,32.269065,0.2103927702,1.540232881,0.1963331099,11.87789414,1,1,3,2,1,0,1,3,3,2,1,3,1,1,2,2,1,4,4,8
Jakobi Meyers,NE,WR,350,3.47,0,6.53,0,1.40,9.60,10.13,2.33,0,3.71777777777778,13.03982332,0.01558752998,0,0.001027749229,14.49539226,0.1123501199,0.7081363481,2.856013208,32.269065,0.2103927702,1.540232881,0.1963331099,11.87789414,3,2,3,1,2,3,3,2,2,0,2,1,3,1,1,1,2,5,6,5
James Washington,Pit,WR,283,7.40,5.53,2.93,0,9.47,0,4.22166666666667,3.40,12.60,5.0612962962963,13.03982332,0.01558752998,0,0.001027749229,14.49539226,0.1123501199,0.7081363481,2.856013208,32.269065,0.2103927702,1.540232881,0.1963331099,11.87789414,1,2,1,1,2,2,0,2,2,2,2,1,2,3,1,3,2,2,9,5
Jamison Crowder,NYJ,WR,114,27.00,7.67,4.67,10.1242857142857,2.67,16.53,6.73,5.60,26.53,11.9471428571429,13.03982332,0.01558752998,0,0.001027749229,14.49539226,0.1123501199,0.7081363481,2.856013208,32.269065,0.2103927702,1.540232881,0.1963331099,11.87789414,1,2,1,0,2,1,1,2,2,3,2,3,1,2,2,3,1,3,7,6
John Ross III,Cin,WR,148,39.53,21.47,2.47,8.4,0,0,0,0,0,8.98375,13.03982332,0.01558752998,0,0.001027749229,14.49539226,0.1123501199,0.7081363481,2.856013208,32.269065,0.2103927702,1.540232881,0.1963331099,11.87789414,2,1,1,3,3,2,2,2,0,2,3,3,3,2,1,2,2,5,8,3
Josh Bellamy,NYJ,WR,377,3.00,1.33,0,1.44333333333333,0,0,0,0,0,0.641481481481481,13.03982332,0.01558752998,0,0.001027749229,14.49539226,0.1123501199,0.7081363481,2.856013208,32.269065,0.2103927702,1.540232881,0.1963331099,11.87789414,1,2,1,0,2,1,1,2,2,3,2,3,1,2,2,3,1,3,7,6
Justin Hardy,Atl,WR,344,8.73,0,1.40,0,1.33,0,4.27,4.53,0,2.5325,13.03982332,0.01558752998,0,0.001027749229,14.49539226,0.1123501199,0.7081363481,2.856013208,32.269065,0.2103927702,1.540232881,0.1963331099,11.87789414,3,2,2,1,3,3,2,2,0,2,2,3,2,2,1,2,3,5,9,2
KeeSean Johnson,Ari,WR,305,11.07,6.07,3.87,4.27,7.77,2.93,1.40,0,13.47,5.65,13.03982332,0.01558752998,0,0.001027749229,14.49539226,0.1123501199,0.7081363481,2.856013208,32.269065,0.2103927702,1.540232881,0.1963331099,11.87789414,3,2,2,2,1,3,3,2,1,3,1,0,2,3,2,2,2,5,8,3
Kelvin Harmon,Was,WR,415,6.07,0,0,3.93,1.27,1.53,0,2.80,1.40,1.88888888888889,13.03982332,0.01558752998,0,0.001027749229,14.49539226,0.1123501199,0.7081363481,2.856013208,32.269065,0.2103927702,1.540232881,0.1963331099,11.87789414,2,1,1,3,1,2,1,3,1,0,3,3,2,1,2,3,1,5,4,7
Marquise Brown,Bal,WR,199,32.80,17.73,7.27,7.47,13.47,0,0,0,9.20,9.77111111111111,13.03982332,0.01558752998,0,0.001027749229,14.49539226,0.1123501199,0.7081363481,2.856013208,32.269065,0.2103927702,1.540232881,0.1963331099,11.87789414,2,3,1,2,3,1,2,0,1,1,3,2,1,1,3,2,3,5,5,6
Mecole Hardman,KC,WR,300,4.50,21.87,20.17,5.50,13.87,13.10,16.47,24.27,10.50,14.4722222222222,13.03982332,0.01558752998,0,0.001027749229,14.49539226,0.1123501199,0.7081363481,2.856013208,32.269065,0.2103927702,1.540232881,0.1963331099,11.87789414,2,3,2,3,2,3,1,1,3,1,2,0,3,1,1,1,2,5,5,6
Michael Gallup,Dal,WR,131,22.53,14.53,0,0,27.53,10.20,6.27,11.58,14.20,11.8711111111111,13.03982332,0.01558752998,0,0.001027749229,14.49539226,0.1123501199,0.7081363481,2.856013208,32.269065,0.2103927702,1.540232881,0.1963331099,11.87789414,3,2,2,2,1,3,2,0,3,3,3,1,1,1,2,2,2,5,7,4
Miles Boykin,Bal,WR,278,10.33,10.33,2.73,0,15.13,0,5.87,6.67,0,5.67333333333333,13.03982332,0.01558752998,0,0.001027749229,14.49539226,0.1123501199,0.7081363481,2.856013208,32.269065,0.2103927702,1.540232881,0.1963331099,11.87789414,2,3,1,2,3,1,2,0,1,1,3,2,1,1,3,2,3,5,5,6
Parris Campbell,Ind,WR,339,6.17,14.60,8.70,5.67,0,7.028,0,0,21.63,7.08866666666667,13.03982332,0.01558752998,0,0.001027749229,14.49539226,0.1123501199,0.7081363481,2.856013208,32.269065,0.2103927702,1.540232881,0.1963331099,11.87789414,2,1,3,3,1,0,3,1,3,2,2,3,1,3,2,2,2,6,6,4
Paul Richardson Jr.,Was,WR,160,8.40,13.07,26.53,3.93,2.93,0,0,7.27,9.80,7.99222222222222,13.03982332,0.01558752998,0,0.001027749229,14.49539226,0.1123501199,0.7081363481,2.856013208,32.269065,0.2103927702,1.540232881,0.1963331099,11.87789414,2,1,1,3,1,2,1,3,1,0,3,3,2,1,2,3,1,5,4,7
Phillip Dorsett II,NE,WR,217,29.33,7.60,21.73,4.57,0,0,16.07,7.87,3.87,10.1155555555556,13.03982332,0.01558752998,0,0.001027749229,14.49539226,0.1123501199,0.7081363481,2.856013208,32.269065,0.2103927702,1.540232881,0.1963331099,11.87789414,3,2,3,1,2,3,3,2,2,0,2,1,3,1,1,1,2,5,6,5
Preston Williams,Mia,WR,356,14.60,11.20,12.53,9.07,11.85,10.27,14.37,13.30,32.70,14.4322222222222,13.03982332,0.01558752998,0,0.001027749229,14.49539226,0.1123501199,0.7081363481,2.856013208,32.269065,0.2103927702,1.540232881,0.1963331099,11.87789414,2,1,1,2,0,2,1,3,3,2,1,2,2,3,3,1,1,4,6,6
Randall Cobb,Dal,WR,225,20.60,10.20,4.53,9.13,9.53,0.00,6.53,8.64571428571429,9.33,8.72174603174603,13.03982332,0.01558752998,0,0.001027749229,14.49539226,0.1123501199,0.7081363481,2.856013208,32.269065,0.2103927702,1.540232881,0.1963331099,11.87789414,3,2,2,2,1,3,2,0,3,3,3,1,1,1,2,2,2,5,7,4
Ray0Ray McCloud III,Buf,WR,733,8.10,3.90,3.60,4.80,4.20,1.00,0,0,0,2.84,13.03982332,0.01558752998,0,0.001027749229,14.49539226,0.1123501199,0.7081363481,2.856013208,32.269065,0.2103927702,1.540232881,0.1963331099,11.87789414,3,3,1,1,1,0,2,2,2,2,2,1,1,2,3,1,3,4,6,6
Richie James Jr.,SF,WR,292,12.60,4.17,12.57,9.78,3.60,5.60,7.67,4.90,9.50,7.82111111111111,13.03982332,0.01558752998,0,0.001027749229,14.49539226,0.1123501199,0.7081363481,2.856013208,32.269065,0.2103927702,1.540232881,0.1963331099,11.87789414,3,1,3,0,2,2,2,2,3,2,3,1,2,2,3,2,2,5,9,2
Ryan Grant,GB,WR,246,5.07,0.87,0,0,0,0,0,0,0,0.66,13.03982332,0.01558752998,0,0.001027749229,14.49539226,0.1123501199,0.7081363481,2.856013208,32.269065,0.2103927702,1.540232881,0.1963331099,11.87789414,1,3,1,2,1,3,3,1,2,2,0,1,3,2,1,3,3,6,4,6
Steven Sims Jr.,Was,WR,417,4.60,4.80,15.80,3.70,13.57,2.20,9.63,5.40,8.40,7.56666666666667,13.03982332,0.01558752998,0,0.001027749229,14.49539226,0.1123501199,0.7081363481,2.856013208,32.269065,0.2103927702,1.540232881,0.1963331099,11.87789414,2,1,1,3,1,2,1,3,,0,3,3,2,1,2,3,1,5,4,6
Ted Ginn Jr.,NO,WR,219,18.73,0,3.00,5.27,13.43,8.60,6.20,6.80,0,7.75375,13.03982332,0.01558752998,0,0.001027749229,14.49539226,0.1123501199,0.7081363481,2.856013208,32.269065,0.2103927702,1.540232881,0.1963331099,11.87789414,3,2,2,1,3,2,1,3,0,3,3,2,3,1,2,1,2,6,6,4
Terry McLaurin,Was,WR,314,25.33,21.13,23.67,0.00,9.40,30.67,2.73,9.60,8.60,14.57,13.03982332,0.01558752998,0,0.001027749229,14.49539226,0.1123501199,0.7081363481,2.856013208,32.269065,0.2103927702,1.540232881,0.1963331099,11.87789414,2,1,1,3,1,2,1,3,1,0,3,3,2,1,2,3,1,5,4,7
Travis Benjamin,LAC,WR,254,3.80,0,3.33,0,2.87,1.00,0,0,0,1.22222222222222,13.03982332,0.01558752998,0,0.001027749229,14.49539226,0.1123501199,0.7081363481,2.856013208,32.269065,0.2103927702,1.540232881,0.1963331099,11.87789414,2,3,3,2,1,3,1,1,1,3,1,0,1,2,3,3,1,6,3,7
Trevor Davis,Oak,WR,393,3.97,0,0,17.10,13.30,6.874,14.33,2.20,9.70,7.49711111111111,13.03982332,0.01558752998,0,0.001027749229,14.49539226,0.1123501199,0.7081363481,2.856013208,32.269065,0.2103927702,1.540232881,0.1963331099,11.87789414,1,1,3,2,1,0,1,3,3,2,1,3,1,1,2,2,1,4,4,8
Trey Quinn,Was,WR,228,17.30,9.30,10.50,4.27,4.10,3.93,5.00,3.00,1.60,6.55555555555556,13.03982332,0.01558752998,0,0.001027749229,14.49539226,0.1123501199,0.7081363481,2.856013208,32.269065,0.2103927702,1.540232881,0.1963331099,11.87789414,2,1,1,3,1,2,1,3,1,0,3,3,2,1,2,3,1,5,4,7
Mohamed Sanu,NE,WR,138,10.80,7.07,17.20,18.27,18.90,5.93,1.20,5.53,30.40,12.8111111111111,13.029375,0,0,0,6.83333333333333,0.166666666666667,0.5,1.5,11,0,0.333333333333333,0.0277777777777779,2.3,3,2,3,1,2,3,3,2,2,0,2,1,3,1,1,1,2,5,6,5
Darren Sproles,Phi,RB,329,17.37,4.13,0.60,0.40,3.20,0,0,0,3.1,3.2,13.0283333333333,0,0,0,12.4,0,0.8,6.2,44.8,0.2,3.2,0.04,38.4,3,2,3,3,3,1,2,2,2,0,1,1,3,2,3,2,2,6,7,3
DJ Chark Jr.,Jax,WR,276,24.73,21.67,20.07,8.93,42.93,7.87,10.53,24.27,8.13,18.7922222222222,15.3367061104653,0.0237737867281055,0,0.00156750242139671,15.5426640406235,0.116986205483625,0.763317239341316,2.95323265971946,33.3111548119082,0.212174643450518,1.58291132041856,0.20278561252249,12.9113405969475,1,3,1,1,2,2,1,3,3,0,2,1,3,2,3,3,2,6,5,5
Evan Engram,NYG,TE,97,34.73,11.2,25.53,9.60,11.30,0,1.40,16.67,12.40,13.6477777777778,12.5518181818182,0,0,0,0,0,0,2.16666666666667,34.3333333333333,0.5,1.66666666666667,0.25,4.69444444444446,3,1,3,2,2,1,3,3,3,1,0,3,3,2,2,2,2,7,6,3
Robby Anderson,NYJ,WR,109,4.53,13.40,3.73,7.22,3.07,24.33,2.67,7.87,6.20,8.11333333333333,12.4735714285714,0,0,0,0,0,0,1.14285714285714,15.4285714285714,0,0.571428571428571,0,1.30612244897959,1,2,1,0,2,1,1,2,2,3,2,3,1,2,2,3,1,3,7,6
Christian Kirk,Ari,WR,95,16.13,17.60,17.93,10.17,0,0,0,18.17,3.33,9.25888888888889,12.4358333333333,0,0,0,0.428571428571429,0,0.285714285714286,0.428571428571429,4.57142857142857,0,0.142857142857143,0,0.183673469387755,3,2,2,2,1,3,3,2,1,3,1,0,2,3,2,2,2,5,8,3
Nyheim Hines,Ind,RB,135,6.57,3.23,7.03,12.20,9.97,7.8,3.17,8.47,5.10,7.06,12.045625,0,0,0,92.3333333333333,0.666666666666667,4.66666666666667,1.5,14.5,0,0.5,0.444444444444445,2.3,3,2,2,2,3,0,2,2,2,3,1,2,2,1,1,3,1,4,8,4
Zay Jones,Oak,WR,209,4.20,2.93,6.20,2.27,0,0,0,5.80,5.70,3.01111111111111,11.904375,0,0,0,13.8333333333333,0,0.333333333333333,1.33333333333333,5.83333333333333,0,0.333333333333333,0,1.77777777777777,1,1,3,2,1,0,1,3,3,2,1,3,1,1,2,2,1,4,4,8
DJ Moore,Car,WR,87,15.07,19.93,15.67,8.93,16.07,19.17,15.8066666666667,9.53,18.73,15.4340740740741,11.801875,0,0,0,0,0,0,1.6,9,0.2,0.8,0.04,2.6,2,3,3,3,2,3,0,1,1,1,3,2,2,3,2,2,2,6,7,3
Jack Doyle,Ind,TE,236,3.33,4.40,10.07,16.47,5.27,7.908,5.40,12.07,13.47,8.70977777777778,11.7216666666667,0,0,0,6.2,0.4,0.6,1,11.6,0,0.8,0.16,1,1,2,2,3,2,0,2,2,3,2,2,2,2,3,1,1,2,3,10,3
Peyton Barber,TB,RB,115,8.10,17.67,9.27,6.90,10.13,3.80,9.31166666666667,5.53,1.50,8.02351851851852,11.514375,0,0,0,1.16666666666667,0,0,7.33333333333333,80.8333333333333,0.333333333333333,4,0.111111111111111,53.77777777777770,1,3,2,2,1,3,0,2,1,2,1,2,1,1,3,2,2,3,7,6
Dion Lewis,Ten,RB,140,4.10,3.23,3.77,6.87,5.37,5.23,0.20,1.13,9.20,4.34444444444444,11.398125,0,0,0,39.1666666666667,0.5,2.33333333333333,4.33333333333333,38.5,0.333333333333333,2,0.694444444444444,18.77777777777780,3,1,1,2,2,2,2,1,3,3,0,1,1,2,2,1,2,3,7,6
Tyler Eifert,Cin,TE,218,8.80,12.60,3.20,5.80,2.93,4.87,2.67,14.93,6.975,6.975,11.2325,0,0,0,0,0,0,2.8,30.6,0.4,1.4,0.16,7.8,3,1,1,3,3,1,2,2,0,1,3,3,1,2,1,2,2,5,5,6
Cole Beasley,Buf,WR,205,9.67,12.53,15.20,16.00,6.40,11.96,14.07,15.73,11.87,12.6033333333333,11.23125,0,0,0,0,0,0,1.28571428571429,17,0,0.714285714285714,0,1.65306122448981,3,3,1,1,1,0,2,2,2,2,2,1,1,2,3,1,3,4,6,6
Gus Edwards,Bal,RB,304,9.60,1.10,13.30,7.33,6.10,5.40,5.50,6.90428571428571,8.7,7.10380952380952,11.1936363636364,0,0,0,51.8333333333333,0.833333333333333,3.16666666666667,2.5,13.5,0.166666666666667,0.5,1,6.3,3,2,3,3,2,3,1,0,1,3,2,2,1,2,3,3,2,7,6,3
Austin Hooper,Atl,TE,146,17.13,8.27,30.40,22.67,14.73,29.80,18.07,22.23,20.4125,20.4125,11.1875,0,0,0,0,0,0,3.66666666666667,54.3333333333333,0.166666666666667,2.5,0.0277777777777779,13.44444444444450,2,2,3,2,2,3,2,3,0,1,1,3,1,1,1,2,3,5,6,5
Greg Olsen,Car,TE,161,8.40,17.33,33.00,4.33,0,10.47,12.255,3.87,7.67,10.8138888888889,10.7111111111111,0,0,0,0.142857142857143,0,0,3.57142857142857,32.7142857142857,0,1.71428571428571,0,12.75510204081630,2,3,3,2,2,3,0,1,2,3,2,1,2,2,3,3,1,6,7,3
Chris Thompson,Was,RB,196,14.53,10.50,16.17,10.13,10.23,3.73,0,0,0,7.25444444444444,10.567,0,0,0,68.5,0.166666666666667,2.66666666666667,1.83333333333333,12.3333333333333,0.166666666666667,0.833333333333333,0.111111111111112,3.36111111111110,1,2,2,2,1,3,1,1,2,0,3,3,3,3,1,2,2,5,6,5
Devin Funchess,Ind,WR,145,7.13,0,0,0,0,0,0,0,7.13,1.58444444444444,10.5428571428571,0,0,0,1.5,0.166666666666667,0.166666666666667,0.333333333333333,1,0,0,0.0277777777777779,0.111111111111111,2,1,3,3,1,0,3,1,3,2,2,3,1,3,2,2,2,6,6,4
Taylor Gabriel,Chi,WR,181,4.60,5.13,40.70,0,0,0,1.40,10.53,9.60,7.99555555555556,10.435625,0,0,0,0,0,0,1.14285714285714,10,0,0.714285714285714,0,1.30612244897959,1,1,2,3,3,0,2,2,2,3,2,3,3,1,1,1,3,6,5,5
LeSean McCoy,KC,RB,235,16.90,5.30,27.13,15.80,1.53,9.40,11.20,9.53,1.90,10.9655555555556,10.3764285714286,0,0,0,0,0,0,6,61.2,1,3.2,1,36,3,2,3,1,2,0,3,1,3,3,3,2,2,1,2,1,3,7,5,4
Kenny Stills,Hou,WR,177,15.47,6.53,12.93,5.60,0,0,15.00,5.47,11.47,8.05222222222222,10.3726666666667,0,0,0,0,0,0,0.5,4.16666666666667,0.166666666666667,0.333333333333333,0.0277777777777779,0.3,2,2,2,2,3,1,2,3,2,0,2,2,1,1,1,3,1,3,8,5
Alex Erickson,Cin,WR,175,8.27,2.93,3.67,4.40,3.47,13.83,23.43,14.47,9.31,9.30888888888889,10.339375,0,0,0,0,0,0,2,18.5,0.5,1.5,0.25,4,2,1,1,3,3,2,2,2,0,2,3,3,3,2,1,2,2,5,8,3
Rashard Higgins,Cle,WR,152,7.07,0,0,0,0,0,1.17833333333333,1.13,0,1.04203703703704,10.3176923076923,0,0,0,1.28571428571429,0,0.428571428571429,0.142857142857143,2.14285714285714,0,0.142857142857143,0,0.020408163265306,1,3,2,2,1,2,0,1,1,1,3,2,3,1,3,2,1,4,5,7
Vance McDonald,Pit,TE,123,6.67,27.53,2.67,0,6.27,1.33,7.41166666666667,5.27,17,8.23907407407407,10.2446666666667,0,0,0,0,0,0,2.42857142857143,46.5714285714286,0.142857142857143,2,0.0204081632653062,5.89795918367348,1,3,1,1,1,1,0,2,3,2,2,1,2,3,1,1,1,3,4,9
Ryan Switzer,Pit,WR,130,14.23,1.10,0,0,4.20,3.17,3.78333333333333,2.70,4,3.68703703703704,10.241875,0,0,0,3.5,0,0,1,11.8333333333333,0,0.166666666666667,0,1,1,2,1,1,2,2,0,2,2,2,2,1,2,3,1,3,2,2,9,5
John Brown,Buf,WR,142,30.20,16.80,10.80,12.60,15.00,17.08,21.53,21.60,12.07,17.52,9.879375,0,0,0,1.5,0,0,1.5,19,0,1,0,2.3,3,3,1,1,1,0,2,2,2,2,2,1,1,2,3,1,3,4,6,6
Duke Johnson,Hou,RB,77,14.90,3.10,4.67,13.07,9.43,18.73,9.87,16.30,16.83,11.8777777777778,9.85625,0,0,0,0,0,0,5.14285714285714,64.1428571428571,0.428571428571429,3.14285714285714,0.183673469387755,26.44897959183670,1,1,2,3,2,3,1,2,1,0,1,1,1,2,2,1,2,2,6,8
Tyrell Williams,Oak,WR,122,26.00,20.07,14.93,15.40,0,0,0,20.07,8.20,11.63,9.814375,0,0,0,0.428571428571429,0,0,0.857142857142857,13.4285714285714,0,0.428571428571429,0,0.734693877551020,1,1,3,2,1,0,1,3,3,2,1,3,1,1,2,2,1,4,4,8
Willie Snead IV,Bal,WR,204,14.73,1.33,9.13,16.07,10.40,5.20,0.20,8.15142857142857,4,7.69015873015873,9.625,0,0,0,0,0,0,1,9.57142857142857,0,0.428571428571429,0,1,2,3,1,2,3,1,2,0,1,1,3,2,1,1,3,2,3,5,5,6
Danny Amendola,Det,WR,220,26.93,1.10,8.47,0.00,9.125,1.40,21.00,19.73,5.93,10.4094444444444,9.54333333333333,0,0,0,7,0,0.5,2,9,0,0,0,4,3,2,2,1,0,1,3,3,3,1,1,2,1,3,3,1,1,6,3,7
Courtland Sutton,Den,WR,132,20.00,10.67,15.80,30.13,20.13,12.07,14.80,10.80,20.43,17.2033333333333,9.426875,0,0,0,0,0,0,0.666666666666667,6.16666666666667,0,0.333333333333333,0,0.444444444444445,3,1,1,2,2,1,1,2,2,0,3,1,2,3,1,3,3,5,5,6
Jamaal Williams,GB,RB,233,4.00,17.67,13.70,1.00,0,30.43,15.23,22.13,20.60,13.8622222222222,9.18125,0,0,0,0,0,0,4.14285714285714,53.2857142857143,0.571428571428571,3,0.326530612244897,17.16326530612240,2,1,2,1,2,3,2,3,2,3,0,1,2,3,2,1,3,5,7,4
Jimmy Graham,GB,TE,179,15.00,0,0,22.07,7.73,4.13,20.33,5.33,6.13,8.96888888888889,9.0875,0,0,0,0,0,0,3,30.7142857142857,0.285714285714286,1.57142857142857,0.0816326530612246,9,3,2,2,2,3,3,3,2,1,1,0,1,1,2,3,2,3,6,6,4
Latavius Murray,NO,RB,139,12.57,3.77,0.20,4.80,6.20,13.73,33.97,41.87,14.63875,14.63875,9.075,0,0,0,85.6666666666667,0.333333333333333,5.16666666666667,1.66666666666667,9,0,0,0.111111111111111,2.77777777777779,2,2,1,2,1,1,2,2,0,2,1,3,2,1,1,2,3,2,8,6
Donte Moncrief,Pit,WR,133,3.47,0,0,0,0,2.73,1.03333333333333,0,0,0.803703703703703,9.014375,0,0,0,0.833333333333333,0,0,0.666666667,6.5,0,0.166666667,0,0.444444444,2,3,3,3,2,3,0,1,1,1,3,2,2,3,2,2,2,6,7,3
Giovani Bernard,Cin,RB,240,8.90,3.47,2.97,6.37,8.07,4.73,2.27,8.03,0,4.97888888888889,8.9275,0,0,0,0.333333333333333,0.166666666666667,0.166666666666667,4.33333333333333,42.1666666666667,0.5,3.16666666666667,0.444444444444445,18.77777777777780,1,1,2,2,2,1,1,2,0,1,2,2,3,3,1,3,3,4,6,6
Royce Freeman,Den,RB,213,8.93,18.60,12.97,10.87,10.50,13.20,16.63,12.33,3.43,11.94,8.63571428571429,0,0,0,51.2,0.2,2.2,5.6,33.8,0.2,1.8,0.16,31.4,2,2,3,1,2,2,3,1,3,0,1,2,2,2,3,3,2,5,8,3
Carlos Hyde,Hou,RB,232,13.43,15.00,7.90,13.20,16.00,23.53,5.50,11.30,18.00,13.76,8.16428571428571,0,0,0,65.8571428571429,0.428571428571429,4.28571428571429,0.857142857142857,3.14285714285714,0,0.142857142857143,0.183673469387755,0.734693877551020,1,1,2,3,2,3,1,2,1,0,1,1,1,2,2,1,2,2,6,8
Ito Smith,Atl,RB,188,7.70,8.07,0,12.43,12.90,7.50,0.70,0,0,6.1625,7.97357142857143,0,0,0,45.5714285714286,0.142857142857143,1.71428571428571,3.57142857142857,25.2857142857143,0,1,0.0204081632653062,12.75510204081630,1,1,1,2,2,2,2,1,0,1,3,1,1,3,1,1,1,2,4,10
Tre'Quan Smith,NO,WR,171,13.73,9.27,0,0,0,0,0,0,0,2.875,7.96466666666667,0,0,0,4,0,0.142857142857143,0,0,0,0,0,0,3,2,2,1,3,2,1,3,0,3,3,2,3,1,2,1,2,6,6,4
Rex Burkhead,NE,RB,293,17.13,10.23,18.17,1.47,0,0,0,2.00,4.87,5.98555555555556,7.79125,0,0,0,1.28571428571429,0,0,3,59.4285714285714,0.285714285714286,1.57142857142857,0.0816326530612246,9,2,3,3,2,3,2,3,3,1,0,1,2,2,3,3,2,3,8,6,2
Marquez Valdes0Scantling,GB,WR,182,9.47,5.27,22.60,8.13,3.20,7.10,20.87,2.27,0.0,8.76777777777778,7.670625,0,0,0,0,0,0,,,,,,,1,3,1,2,1,3,3,1,2,2,0,1,3,2,1,3,3,6,4,6
C.J. Uzomah,Cin,TE,290,11.40,0,0,0,3.07,4.73,0,1.27,0,2.55875,7.329375,0,0,0,0,0,0,4,50.4,0.2,2.6,0.04,16,3,1,1,3,3,1,2,2,0,1,3,3,1,2,1,2,2,5,5,6
Damien Williams,KC,RB,53,21.20,11.00,0.00,0.00,7.30,12.53,2.63,8.00,20.70,9.26,7.079375,0,0,0,0.833333333333333,0,0,5.66666666666667,63.1666666666667,0.333333333333333,3,0.111111111111111,32.11111111111110,1,2,1,3,1,2,2,3,1,2,2,0,2,1,2,2,2,2,9,5
Rashaad Penny,Sea,RB,151,3.90,15.70,0,0,6.87,0,0,8.50,2.20,4.13,7.06428571428571,0,0,0,1.16666666666667,0,0,3.83333333333333,43.6666666666667,0.666666666666667,2.33333333333333,0.444444444444445,14.69444444444440,3,2,1,2,2,3,1,2,1,1,0,1,1,2,3,2,1,3,6,7
Geoff Swaim,Jax,TE,268,5.13,3.93,1.53,5.13,1.27,1.33,0,0,0,2.03555555555556,6.79222222222222,0,0,0,0,0,0,2.5,28,0.333333333333333,1.66666666666667,0.111111111111111,6.3,2,2,2,2,1,1,1,1,2,0,3,2,3,1,3,2,3,4,7,5
Dallas Goedert,Phi,TE,197,3.07,0,0,13.07,2.73,10.20,17.60,16.07,7.60,7.81555555555556,6.391875,0,0,0,0.8,0,0,5.6,54.4,0,2.4,0,31.4,2,2,3,3,1,2,3,1,3,0,1,3,2,1,2,3,1,6,5,5
Vernon Davis,Was,TE,174,16.93,5.93,6.00,1.33,0.00,0.00,0,0,0,3.35444444444444,5.96214285714286,0,0,0,0,0,0,2.8,43.4,0.2,2,0.04,7.8,2,3,3,1,1,2,1,2,1,0,1,3,1,3,2,1,3,5,4,7
Nick Vannett,Pit,TE,326,3.07,2.87,1.60,4.87,0,1.33,2.29,3.00,0,2.11444444444444,5.862,0,0,0,0,0,0,3,58.6,0.2,2.6,0.04,9,1,3,1,1,1,1,0,2,3,2,2,1,2,3,1,1,1,3,4,9
Raheem Mostert,SF,RB,363,7.00,30.83,6.90,0,4.40,2.30,0,12.00,0.20,7.07,5.53,0,0,0,77.25,0.5,3.5,3.5,20.5,0,0.75,0.25,12.3,1,3,2,0,3,2,3,3,2,1,2,3,1,1,2,2,1,5,6,5
Justin Jackson,LAC,RB,127,8.97,9.23,7.87,0,0,0,0,0,2.17,3.13777777777778,5.50769230769231,0,0,0,0,0,0,4.2,65.2,0.6,2.4,0.36,17.6,1,3,2,3,2,2,2,2,3,2,3,0,2,1,1,2,3,5,8,3
Jonnu Smith,Ten,TE,321,3.47,0,4.33,1.33,5.80,3.13,9.27,23.20,4.20,6.08111111111111,5.47692307692308,0,0,0,0,0,0,2.14285714285714,30.4285714285714,0.285714285714286,1.28571428571429,0.0816326530612246,4.59183673469387,2,3,2,2,1,2,1,3,1,2,0,2,3,3,2,1,2,4,8,4
Blake Jarwin,Dal,TE,280,14.60,3.47,1.20,7.27,0,3.40,10.07,5.71571428571429,12.80,6.50285714285714,5.466875,0,0,0,1.85714285714286,0,0.142857142857143,2.57142857142857,36.2857142857143,0.142857142857143,1.42857142857143,0.0204081632653062,6.61224489795918,1,2,2,1,3,1,2,0,1,2,3,1,1,3,2,2,2,3,7,6
Tyler Ervin,Jax,RB,479,3.80,2.60,0,0,0,0,0,5.20,0,1.28888888888889,5.45888888888889,0,0,0,0.571428571428571,0,0,2.85714285714286,55.5714285714286,0.285714285714286,2.14285714285714,0.0816326530612246,8.16326530612247,3,2,2,2,3,1,3,3,2,0,1,2,1,2,2,2,1,4,8,4
Tyler Higbee,LAR,TE,313,15.33,4.40,0,9.73,9.13,4.67,1.53,1.53,0,5.79,4.716875,0,0,0,11.7142857142857,0.142857142857143,0.142857142857143,1.14285714285714,4.71428571428571,0,0.285714285714286,0.0204081632653062,1.30612244897959,1,1,2,3,3,1,2,1,0,3,3,1,3,3,3,1,3,8,2,6
Malcolm Brown,LAR,RB,294,17.30,6.37,0.70,2.40,0.30,8.00,0,0,0,4.38375,4.30583333333333,0,0,0,0,0,0,2.85714285714286,44.5714285714286,0.428571428571429,1.57142857142857,0.183673469387755,8.16326530612247,3,1,3,1,1,1,2,3,0,2,2,1,2,1,2,1,2,3,6,7
Ryan Griffin,NYJ,TE,296,4.67,0,1.33,7.78142857142857,1.13,15.87,1.07,30.40,12.33,8.2868253968254,4.23785714285714,0,0,0,0,0,0,2,29.2857142857143,0.285714285714286,1.42857142857143,0.0816326530612246,4,1,2,1,0,2,3,1,2,2,1,2,3,1,2,1,3,1,3,6,7
Dontrell Hilliard,Cle,RB,302,18.13,0,0,13.50,6.40,15.33,8.89333333333333,11.40,5.20,8.76148148148148,4.03636363636364,0,0,0,0,0,0,3.42857142857143,40.2857142857143,0.285714285714286,2.28571428571429,0.0816326530612246,11.75510204081630,2,3,2,1,1,1,0,1,2,2,2,3,2,3,2,1,3,4,7,5
T.J. Logan,TB,RB,322,6.00,0,0,3.40,1.90,0,1.88333333333333,9.20,12.13,3.83481481481481,4.027,0,0,0,0,0,0,3.66666666666667,46.3333333333333,0.333333333333333,2.83333333333333,0.111111111111111,13.44444444444450,1,3,2,2,1,3,0,2,1,2,1,2,1,1,3,2,2,3,7,6
Kenjon Barner,Atl,RB,418,9.00,1.20,6.77,0,0,4.10,6.50,3.10,0,3.83375,4.02222222222222,0,0,0,10.5,0,0.5,6.25,66.75,0.25,3.5,0.0625,39.06,1,1,1,2,2,2,2,1,0,1,3,1,1,3,1,1,1,2,4,10
James O'Shaughnessy,Jax,TE,312,7.13,6.87,13.20,11.20,8.80,0,0,0,0,5.24444444444444,3.44785714285714,0,0,0,14.8,0.2,0.4,1.4,19.2,0,0.8,0.04,2.0,2,3,2,2,3,1,3,0,1,1,2,2,1,1,1,2,3,4,6,6
Wayne Gallman Jr.,NYG,RB,348,13.30,0,2.30,30.97,2.40,0,0,2.33,0,5.7,3.43533333333333,0,0,0,0,0,0,3.57142857142857,36.2857142857143,0.428571428571429,1.57142857142857,0.183673469387755,12.75510204081630,2,2,1,3,1,1,2,3,2,3,0,2,3,1,2,3,1,5,6,5
Maxx Williams,Ari,TE,345,3.00,3.40,0,3.40,1.47,16.27,2.33,,2.80,4.08375,3.33307692307692,0,0,0,0,0,0,0.833333333333333,18,0.166666666666667,0.666666666666667,0.0277777777777779,0.694444444444444,3,1,1,3,1,2,1,1,1,3,1,0,2,3,2,3,2,5,4,7
Hayden Hurst,Bal,TE,285,7.73,10.07,3.93,5.60,8.13,1.27,2.67,5.62857142857143,4.00,5.44761904761905,3.3225,0,0,0,0,0,0,2,20.1666666666667,0.333333333333333,1.33333333333333,0.111111111111111,4,2,3,2,2,3,1,3,0,1,1,2,2,,1,1,2,3,4,6,5
Nick Boyle,Bal,TE,359,6.73,2.93,9.87,1.60,0,3.20,3.33,3.95142857142857,15.80,5.26793650793651,2.95,0,0,0,9,0.4,0.6,1,14.4,0.2,0.8,0.36,1,2,3,2,2,3,1,3,0,1,1,2,2,1,1,1,2,3,4,6,6
Jordan Akins,Hou,TE,272,3.13,4.67,25.87,5.40,3.40,7.60,4.13,3.73,6.60,7.17,2.6875,0,0,0,0,0,0,2.83333333333333,24.8333333333333,0.166666666666667,1.66666666666667,0.0277777777777779,8.02777777777776,1,2,1,1,2,2,3,3,2,0,1,3,1,2,2,3,2,4,7,5
Mike Gesicki,Mia,TE,271,5.07,1.73,3.60,0,2.6,7.40,8.73,2.67,16.33,5.34777777777778,2.654375,0,0,0,0,0,0,2.8,25.4,0.4,1.2,0.16,7.8,1,1,3,1,0,2,1,3,1,3,1,2,2,1,1,1,1,3,3,10
Brandon Bolden,NE,RB,641,4.20,0,5.20,9.70,13.23,15.57,11.40,4.20,5.30,7.64444444444444,1.998125,0,0,0,0,0,0,3.83333333333333,52.3333333333333,0.166666666666667,2.66666666666667,0.0277777777777779,14.69444444444440,2,3,3,2,3,2,3,3,1,0,1,2,2,3,3,2,3,8,6,2
Anthony Sherman,KC,RB,451,3.00,0,0,0,1.20,0,2.70,0,0,0.766666666666667,1.81875,0,0,0,0.285714285714286,0,0,2.85714285714286,48.1428571428571,0.285714285714286,1.85714285714286,0.0816326530612246,8.16326530612247,1,2,1,3,1,2,2,3,1,2,2,0,2,1,2,2,2,2,9,5